rank,candidate,team,strategy,params,train_net,train_mdd,train_trades,val_net,val_mdd,val_trades,val_ret_over_dd,val_sharpe,val_pf,stress_fee2_net,stress_exec3_net,stress_all_net,beats_cash,beats_buyhold,causality_ok,live_equiv_ok,excluded_reason,verdict,result_ids
1,A2-tsmom-L180-m2,A,strategies.team_a.a2_tsmom:A2TSMom,"{""atr_n"": 14, ""lookback"": 180, ""stop_mult"": 2.0}",0.1942,0.0340,555,0.0630,0.0379,191,1.6611,1.3066,1.4007,0.0473,0.0614,0.0456,yes,no,yes,yes,,채택 후보,20261009-182135-a2_tsmom-train-151413 20261009-182126-a2_tsmom-validation-151414 20261009-182126-a2_tsmom-validation-151415 20261009-182127-a2_tsmom-validation-151416 20261009-182127-a2_tsmom-validation-151417
2,A2-tsmom-L180-m3,A,strategies.team_a.a2_tsmom:A2TSMom,"{""atr_n"": 14, ""lookback"": 180, ""stop_mult"": 3.0}",0.1838,0.0354,488,0.0506,0.0314,173,1.6108,1.3285,1.3953,0.0413,0.0496,0.0403,yes,no,yes,yes,,채택 후보,20261009-182135-a2_tsmom-train-151408 20261009-182126-a2_tsmom-validation-151409 20261009-182127-a2_tsmom-validation-151410 20261009-182126-a2_tsmom-validation-151411 20261009-182126-a2_tsmom-validation-151412
3,C2-V4-trail,C,strategies.team_c.c2_squeeze:C2Squeeze,"{""exit_mode"": ""trail""}",0.0618,0.1001,468,-0.0471,0.0977,72,-0.4820,-1.4102,0.6282,-0.0538,-0.0476,-0.0543,no,no,yes,yes,,폐기,20261009-182151-c2_squeeze-train-151423 20261009-182128-c2_squeeze-validation-151424 20261009-182128-c2_squeeze-validation-151420 20261009-182128-c2_squeeze-validation-151422 20261009-182128-c2_squeeze-validation-151414
4,C1-V5-gate-rel,C,strategies.team_c.c1_regime:C1Regime,{},-0.0384,0.0980,813,-0.0601,0.0987,413,-0.6092,-0.6413,0.8923,-0.0799,-0.0638,-0.0804,no,no,yes,yes,,폐기,20261009-182229-c1_regime-train-151419 20261009-182139-c1_regime-validation-151412 20261009-182137-c1_regime-validation-151411 20261009-182138-c1_regime-validation-151415 20261009-182136-c1_regime-validation-151421
5,B2-tp,B,strategies.team_b.b1_zscore:B2ZScore1h,"{""tp_frac"": 1.0}",0.0028,0.0319,165,-0.0111,0.0170,42,-0.6510,-0.4605,0.8523,-0.0185,-0.0120,-0.0195,no,no,yes,yes,,폐기,20261009-182131-b2_zscore_1h-train-151418 20261009-182126-b2_zscore_1h-validation-151419 20261009-182125-b2_zscore_1h-validation-151420 20261009-182126-b2_zscore_1h-validation-151421 20261009-182125-b2_zscore_1h-validation-151422
,cash (0%),baseline,evaluation/baselines.py,{},0.0000,0.0000,0,0.0000,0.0000,0,,,,,,,,,,,,기준,evaluation/out/baselines.json
,buy&hold BTC 1x,baseline,evaluation/baselines.py,{},-0.0507,0.8276,1,0.6893,0.3304,1,2.0864,1.4941,,,,,,,,,,기준,evaluation/out/baselines.json
,buy&hold BTC 1x + 10% halt,baseline,evaluation/baselines.py,{},0.1104,0.0989,1,0.4332,0.1064,1,4.0736,1.9323,,,,,,,,,,기준,evaluation/out/baselines.json
,buy&hold ETH 1x,baseline,evaluation/baselines.py,{},-0.4610,0.8566,1,0.5005,0.6830,1,0.7328,0.9781,,,,,,,,,,기준,evaluation/out/baselines.json
,buy&hold ETH 1x + 10% halt,baseline,evaluation/baselines.py,{},0.0962,0.0850,1,-0.0833,0.1003,1,-0.8305,-1.0014,,,,,,,,,,기준,evaluation/out/baselines.json
