,A2m2,A2m3,A3,E1,C3V1,C3V2,D1,B3abs,B3short
A2m2,1.0,0.892,0.803,0.752,0.658,0.586,0.488,-0.023,-0.078
A2m3,0.892,1.0,0.78,0.862,0.795,0.74,0.482,-0.058,-0.112
A3,0.803,0.78,1.0,0.795,0.748,0.718,0.514,-0.121,-0.121
E1,0.752,0.862,0.795,1.0,0.778,0.763,0.595,-0.071,-0.112
C3V1,0.658,0.795,0.748,0.778,1.0,0.892,0.478,-0.094,-0.121
C3V2,0.586,0.74,0.718,0.763,0.892,1.0,0.426,-0.115,-0.117
D1,0.488,0.482,0.514,0.595,0.478,0.426,1.0,-0.041,-0.058
B3abs,-0.023,-0.058,-0.121,-0.071,-0.094,-0.115,-0.041,1.0,0.475
B3short,-0.078,-0.112,-0.121,-0.112,-0.121,-0.117,-0.058,0.475,1.0
