symbol,entry_ts,dir,qty,gross_pnl,fees,exit_ts,exit_tag,entry_px,exit_px,funding,net_pnl
BTCUSDT,1634659200000,1,0.005,18.15313211482,0.32123512360300555,1634774400000,exit,62431.7115091191,66062.3379320831,-0.5034581221124197,17.328438869104573
BTCUSDT,1637208000000,-1,0.003,0.2770383193598027,0.17949504869936878,1637222400000,exit,59877.85595301623,59785.50984656296,0.017934105,0.11547737566043395
BTCUSDT,1637236800000,-1,0.004,4.434073556471151,0.23479221166430142,1637251200000,exit,59252.312110634244,58143.79372151646,0.026110417050731832,4.225391761857581
BTCUSDT,1637294400000,-1,0.003,-10.787263202517664,0.17320315593137067,1637432760000,stop,55936.50811003728,59532.2625108765,0.086408905336365,-10.87405745311267
BTCUSDT,1638158400000,-1,0.007,47.571984185520634,0.37805221443132986,1638828720000,stop,57405.458074870025,50609.46033408136,1.1236942457974837,48.31762621688679
BTCUSDT,1639929600000,-1,0.007,-10.81543879631417,0.3360058127631783,1640061120000,stop,47228.299052145885,48773.361737333624,0.127482882817955,-11.023961726259394
BTCUSDT,1640102400000,-1,0.008,-13.989154457875818,0.3942448352514205,1640281740000,stop,48406.28225281033,50154.926560044805,0.20948520089706404,-14.173914092230175
BTCUSDT,1640822400000,-1,0.007,-7.4595532101542705,0.3287369658105111,1640865600000,exit,46429.598457919135,47495.2489165126,0.032877408674887,-7.7554127672898945
BTCUSDT,1641182400000,-1,0.011,-2.6693234128560652,0.5161491651828091,1641196800000,exit,46801.31849785282,47043.98426265792,0.051745045361339004,-3.1337275326775353
BTCUSDT,1644019200000,1,0.008,-1.0035308377945913,0.33192669569966327,1644120000000,exit,41553.55763982007,41428.11628509575,-0.09959362602838401,-1.4350511595226385
BTCUSDT,1644177600000,1,0.01,6.628852319865182,0.4202521663818539,1644192000000,exit,41693.774022192134,42356.65925417865,-0.0062572179783641855,6.202342935504964
BTCUSDT,1644249600000,1,0.011,4.750541327600767,0.48426878748890523,1644264000000,exit,43808.50152955499,44240.36892297324,0.0,4.266272540111862
BTCUSDT,1644307200000,1,0.01,-18.621349919818094,0.4391338045839833,1644350400000,exit,44844.44795438923,42982.31296240742,-0.04341426363561,-19.103897988037687
BTCUSDT,1644364800000,1,0.006,1.9997988522199157,0.2651388775440895,1644451200000,exit,44023.163019663254,44356.46282836657,-0.05540816355851768,1.6792518111173085
BTCUSDT,1644465600000,1,0.007,7.433707721977859,0.30997334057957016,1644494400000,exit,43750.92667408303,44812.884920079865,0.0055493496010703795,7.129283730999359
BTCUSDT,1644508800000,1,0.006,-18.77634856627701,0.2602766689042202,1644648120000,stop,44944.140531226454,41814.74910351362,-0.001944960340198882,-19.038570195521434
BTCUSDT,1644984000000,1,0.011,2.117253639522969,0.48475097260670524,1644998400000,exit,43972.03143517671,44164.509038769706,-0.048587943464984,1.5839147234512798
BTCUSDT,1645070400000,1,0.011,-18.739178680756797,0.46996712004804864,1645109760000,stop,43576.064489857,41872.502791606385,-0.048292749999999995,-19.25743855080485
BTCUSDT,1646092800000,1,0.004,4.639284176764457,0.174952662722734,1646193600000,exit,43158.25515858794,44318.076202779055,-0.024110463352476005,4.440221050689248
BTCUSDT,1646208000000,1,0.005,0.6634009985500233,0.22015725734899755,1646222400000,exit,43965.111369944505,44097.79156965451,0.0,0.4432437412010258
BTCUSDT,1646668800000,1,0.011,-19.568032008708787,0.41993656169235943,1646683200000,exit,39065.50706333762,37286.595062545915,0.0,-19.987968570401147
BTCUSDT,1646740800000,1,0.007,-2.268243198615048,0.27165874724877304,1646755200000,exit,38970.40983544008,38646.375092780785,-0.02704149,-2.566943435863821
BTCUSDT,1646769600000,1,0.007,3.7643580633780003,0.27309222054424015,1646888820000,stop,38744.29164465016,39282.0570822756,-0.10671869937878516,3.384547143454975
BTCUSDT,1647115200000,1,0.009000000000000001,-1.953339594632482,0.3500957545391128,1647129600000,exit,39008.04714849211,38791.009415755165,0.020443183335000007,-2.2829921658365953
BTCUSDT,1647244800000,1,0.013000000000000001,-2.359264070014564,0.5066630191052799,1647259200000,exit,39064.81931848363,38883.337466944045,0.0,-2.865927089119844
BTCUSDT,1647288000000,1,0.012,2.428760218291136,0.46677403620895574,1647360000000,exit,38796.63800831751,38999.034693175105,-0.090299740212,1.87168644187018
BTCUSDT,1647662400000,1,0.012,-14.393493541784498,0.49424895227270504,1647829980000,stop,41787.14158696644,40587.68379181773,-0.30019021298110804,-15.18793270703831
BTCUSDT,1649448000000,-1,0.009000000000000001,14.95187712154136,0.3769986018569925,1649678400000,exit,42719.39337975146,41058.0736995802,0.2232713573436642,14.798149877028031
BTCUSDT,1650326400000,-1,0.012,-5.577369767002267,0.4922024755893035,1650470400000,exit,40784.48255881687,41249.26337273372,0.11824256943599999,-5.951329673155571
BTCUSDT,1650499200000,-1,0.01,13.64611248494388,0.40642329749295625,1650912480000,stop,41324.63537354282,39960.02412504843,-0.3551504356315053,12.884538751819417
BTCUSDT,1651118400000,-1,0.009000000000000001,12.677444905106736,0.34764490938942955,1651406400000,exit,39331.51464910921,37922.909659652905,0.10869570260081983,12.438495698318125
BTCUSDT,1651795200000,-1,0.006,12.322831349606117,0.2130297763002053,1651982400000,exit,36531.86532916806,34478.06010423371,-0.006038373556271964,12.10376319974964
BTCUSDT,1652241600000,-1,0.002,0.4227956531360178,0.06216358036448884,1652284800000,exit,31187.489095528425,30976.091268960416,0.0020692348079999995,0.36270130757952895
BTCUSDT,1653595200000,1,0.012,-6.514024169480632,0.34925716948617425,1653667200000,exit,29376.181797576213,28833.34645011949,-0.10444200000000001,-6.967723338966806
BTCUSDT,1653681600000,1,0.013000000000000001,-3.256768840920733,0.3737124279172895,1653696000000,exit,28872.37017982691,28621.849499756085,-0.037210160000000006,-3.6676914288380225
BTCUSDT,1653825600000,1,0.021,-1.8139549875924095,0.6123971256447707,1653854400000,exit,29204.9572923127,29118.57848337973,-0.061346460000000005,-2.4876985732371804
BTCUSDT,1653883200000,1,0.022,-0.6016159743152456,0.667332622069404,1654102080000,stop,30346.97409348008,30319.627912829386,-0.551334153949106,-1.8202827503337558
BTCUSDT,1654156800000,1,0.014,-6.5642636412319915,0.41607710323345615,1654272000000,exit,29954.231075290867,29485.355100917153,-0.01694550120704112,-6.9972862456724885
BTCUSDT,1654358400000,1,0.018000000000000002,7.592116257940144,0.5409340238754126,1654563120000,stop,29840.998097024578,30262.782333576804,-0.264209265679037,6.786972968385694
BTCUSDT,1654632000000,1,0.01,-13.564650278141126,0.30375548896487814,1654864200000,stop,31053.781410394866,29697.316382580753,-0.23836829396987552,-14.10677406107588
BTCUSDT,1654920000000,1,0.018000000000000002,-9.673667432198018,0.5218263251874684,1654948800000,exit,29259.064383531517,28721.63841507607,-0.001999466802,-10.197493224187486
BTCUSDT,1656864000000,1,0.023,17.34196846190574,0.44649690548533877,1656950400000,exit,19035.90961975591,19789.90824853442,-0.06518846592035696,16.830283090500043
BTCUSDT,1656993600000,1,0.021,-16.597440101952614,0.41807511010263165,1657022400000,exit,20303.51572160038,19513.161431031207,-0.042437275642902,-17.05795248769815
BTCUSDT,1657051200000,1,0.017,-3.8412059516030754,0.34479096149724137,1657065600000,exit,20394.797910178993,20168.844618908224,-0.03429907244894901,-4.220295985549265
BTCUSDT,1657166400000,1,0.017,13.823841203718862,0.3549811599796514,1657425600000,exit,20474.661139870113,21287.828269500635,-0.27793754167277746,13.190922502066433
BTCUSDT,1659787200000,-1,0.023,-0.6404684748871732,0.5327193560968014,1659816000000,exit,23147.787906928603,23175.634362358483,0.053340552124715,-1.1198472788592595
BTCUSDT,1660492800000,-1,0.022,5.213142617533594,0.5366450146254456,1660507200000,exit,24511.435724282383,24274.474696212674,0.0,4.676497602908149
BTCUSDT,1660852800000,-1,0.027,4.128558431170102,0.6280936554138321,1660867200000,exit,23339.18276405249,23186.273192527668,0.06262434000000001,3.56308911575627
BTCUSDT,1660881600000,-1,0.026000000000000002,25.794269367666388,0.5788188275776207,1661357100000,stop,22758.30624082515,21766.218957453362,-0.23754027851252574,24.97791026157624
BTCUSDT,1661486400000,-1,0.03,35.375427052470584,0.6285554508210072,1661782860000,stop,21541.438811574746,20362.257909825727,-0.26036899198272395,34.48650260966686
BTCUSDT,1663142400000,-1,0.007,0.47494204005561913,0.14140317307768743,1663171200000,exit,20234.377728245032,20166.528865379943,0.0014171838446691745,0.3349560508226008
BTCUSDT,1663185600000,-1,0.008,-2.27271008038937,0.1606063040712138,1663200000000,exit,19933.743628877386,20217.832388926057,0.000524058336,-2.432792326124584
BTCUSDT,1663214400000,-1,0.008,-1.0165898797936097,0.1606243905126024,1663243200000,exit,20014.511946588198,20141.5856815624,0.016154320000000003,-1.161059950306212
BTCUSDT,1665950400000,1,0.05,-5.9846135204101305,0.9655535132468256,1665964800000,exit,19370.916400140613,19251.22412973241,-0.0031862760813920602,-6.953353309738348
BTCUSDT,1665993600000,1,0.06,14.285003465016924,1.1642753165981703,1666022400000,exit,19285.546914427698,19523.630305511313,-0.07565353259999999,13.045074615818754
BTCUSDT,1666555200000,1,0.058,3.9008808057018616,1.1325313595666988,1666569600000,exit,19492.774468342202,19560.03103395775,-0.113460727817888,2.6548887183172747
BTCUSDT,1671537600000,-1,0.048,-0.7425655148554361,0.8070034812674785,1671696000000,exit,16804.837468959387,16820.30758385221,0.2715371467863644,-1.2780318493365503
BTCUSDT,1671724800000,-1,0.059000000000000004,-12.464691359422723,0.9874590714147669,1671782400000,exit,16630.961453136533,16842.227408380986,0.198580940404103,-13.253569490433387
BTCUSDT,1671796800000,-1,0.069,-0.23522114789249102,1.1618785139846668,1671868800000,exit,16837.114542184354,16840.523544327723,0.27429068514900007,-1.1228089767281577
BTCUSDT,1671883200000,-1,0.078,-1.2168063999849401,1.312502408013912,1671912000000,exit,16819.153907870765,16834.753989921854,0.08168147251925001,-2.447627335479602
BTCUSDT,1674489600000,1,0.007,1.963519137210238,0.16095627971648066,1675071540000,stop,22853.502878267933,23134.00561215511,-0.321948202875999,1.4806146546177583
BTCUSDT,1675641600000,1,0.039,-2.239162573477435,0.8931509122151892,1675670400000,exit,22930.012653895585,22872.598228934625,-0.08920909710609001,-3.2215225827987144
BTCUSDT,1675684800000,1,0.039,1.1067514313360807,0.8927457354987062,1675756800000,exit,22876.727173924053,22905.105415753183,-0.267949603715274,-0.05394390787789949
BTCUSDT,1675857600000,1,0.033,-9.63094310107633,0.7592395960842439,1675872000000,exit,23153.183867720665,22861.33710708199,-0.075446949194463,-10.465629646355037
BTCUSDT,1675900800000,1,0.032,-14.307452203731636,0.7274544085776331,1675915200000,exit,22956.50420873434,22509.396327367725,0.0,-15.03490661230927
BTCUSDT,1675944000000,1,0.03,-19.59814068104766,0.6705403086226969,1675972800000,exit,22677.979298774022,22024.7079427391,-0.0678117,-20.336492689670358
BTCUSDT,1676491200000,1,0.026000000000000002,10.537768806445392,0.6113819179378508,1676590920000,stop,23312.03975133185,23717.338551579745,-0.2784684619998485,9.647918426507692
BTCUSDT,1676649600000,1,0.007,-2.088368358475105,0.16788899358794407,1676855700000,stop,24133.311109597373,23834.972772672358,-0.12054876130583998,-2.376806113368889
BTCUSDT,1677038400000,1,0.014,-3.8039840769497313,0.3368944802500685,1677196800000,exit,24199.74802061024,23928.03487225669,-0.14152950609067202,-4.282408063290472
BTCUSDT,1677283200000,1,0.014,-2.525844616380062,0.32320609506326603,1677340800000,exit,23176.35838367543,22995.940911076854,-0.0018189977399999998,-2.850869709183328
BTCUSDT,1677355200000,1,0.025,5.622442387971296,0.577219267444931,1677384000000,exit,22976.321850037813,23201.21954555666,-0.04266158831034857,5.002561532216017
BTCUSDT,1678723200000,1,0.007,21.21042340395569,0.17870770720890355,1679513880000,stop,24014.642215275104,27044.702701554488,-0.4889949792230231,20.542720717523764
BTCUSDT,1679630400000,1,0.01,-9.879119090505519,0.27717930591241213,1679927160000,stop,28211.886545766487,27223.974636715935,-0.07333791027175045,-10.229636306689681
BTCUSDT,1680580800000,1,0.021,3.5274613873106646,0.5864950479527763,1680595200000,exit,27844.34844091052,28012.322792687213,0.007982266173000001,2.9489486055308882
BTCUSDT,1680609600000,1,0.019,-5.001386919813587,0.5347548238814783,1680710400000,exit,28276.606175862376,28013.37528534587,-0.0821417867220203,-5.618283530417085
BTCUSDT,1680724800000,1,0.018000000000000002,-2.045861936465168,0.507124623887161,1680753600000,exit,28230.419714188527,28116.76071771824,-0.007308487373269547,-2.560295047725598
BTCUSDT,1680811200000,1,0.022,-1.6720175168060594,0.6152889719716594,1680883200000,exit,28005.680942275565,27929.680146057108,-0.0036569721028638057,-2.2909634608805827
BTCUSDT,1680955200000,1,0.036000000000000004,100.48131816950887,1.0581745577603408,1681473600000,exit,27998.16385209962,30789.311579030422,-1.1645405832063034,98.25860302854223
BTCUSDT,1683244800000,1,0.02,-7.875595920218257,0.5725944944549363,1683385260000,stop,28826.61462075227,28432.834824741352,-0.2254530767744729,-8.673643491447667
BTCUSDT,1684814400000,-1,0.033,1.8625706087316358,0.90171720917607,1684828800000,exit,27352.984681225327,27296.5431476274,0.0900735,1.0509268995555658
BTCUSDT,1684872000000,-1,0.033,13.178985454340523,0.890056298535564,1684900800000,exit,27171.084583719217,26771.72138813314,0.08979267000000002,12.37872182580496
BTCUSDT,1685980800000,-1,0.033,8.8768056771873,0.8532099735219151,1686024000000,exit,25989.344738197233,25720.350626767315,-0.0607391805451907,7.962856523120193
BTCUSDT,1686052800000,-1,0.029,-24.931327448486527,0.7570542053823436,1686072360000,stop,25675.466953727595,26535.16790022713,0.03239729739051648,-25.655984356478353
BTCUSDT,1687291200000,1,0.021,44.80088333456238,0.6098876539294431,1687741980000,stop,27975.581536293426,30108.95693317735,-0.9384317144475313,43.252563966185406
BTCUSDT,1688731200000,1,0.018000000000000002,1.6519373479734134,0.5427108680323406,1688832000000,exit,30104.716631019655,30196.490928129286,-0.040369274061036006,1.0688572058800367
BTCUSDT,1689019200000,1,0.037,-24.647418256343553,1.1282341238932454,1689026220000,stop,30825.88737895722,30159.74093959658,0.0,-25.7756523802368
BTCUSDT,1689048000000,1,0.029,-5.656154882015039,0.880556290336083,1689192000000,exit,30461.529923347945,30266.490099830185,-0.26962942619894165,-6.806340598550063
BTCUSDT,1689235200000,1,0.03,3.5006279831724894,0.9124166355658013,1689358860000,stop,30355.544052473837,30472.23165191292,-0.28622403004149,2.301987317565198
BTCUSDT,1689436800000,1,0.015,0.27780254544102717,0.45450207652631036,1689451200000,exit,30290.878350239323,30309.398519935392,0.0,-0.1766995310852832
BTCUSDT,1691870400000,1,0.067,-7.6967720448265435,1.9664713395129538,1691971200000,exit,29407.75709754279,29292.879902843888,-0.681416895219529,-10.344660279559026
BTCUSDT,1691985600000,1,0.092,-13.363211213108748,2.6972556898569433,1692036480000,stop,29390.62277677715,29245.37048098249,-0.54283128,-16.603298182965695
BTCUSDT,1692086400000,1,0.053,-2.1496952184562796,1.556977702831181,1692100800000,exit,29397.217932837913,29356.65764569723,0.0,-3.7066729212874607
BTCUSDT,1692115200000,1,0.049,-6.235399972757368,1.4333565644279398,1692144000000,exit,29315.80131457793,29188.548253909412,-0.14302561000000003,-7.811782147185308
BTCUSDT,1692158400000,1,0.044,-4.932094572114947,1.2830791424687749,1692216000000,exit,29216.93613079164,29104.843072334483,-0.25646291174869196,-6.471636626332414
BTCUSDT,1694520000000,1,0.014,-3.691411309266063,0.3633891856424472,1694563200000,exit,26088.206521220018,25824.53428484387,0.004373027039620957,-4.0504274678688885
BTCUSDT,1694606400000,1,0.009000000000000001,0.3836369587334048,0.23586144193832853,1694620800000,exit,26185.513717662423,26228.14004641058,-0.007315674080242772,0.1404598427148335
BTCUSDT,1694808000000,1,0.026000000000000002,8.056629490240885,0.6901021540733596,1695058440000,stop,26387.45535877843,26697.325723787693,0.09003065134275218,7.456557987510277
BTCUSDT,1695182400000,1,0.015,-8.825483611059626,0.40219205616230524,1695441600000,exit,27106.986531189006,26518.620957118364,-0.0665387283662121,-9.294214395588142
BTCUSDT,1695787200000,1,0.038,-5.253925263504068,0.9955257246844935,1695824700000,stop,26267.17598200646,26128.914790861618,-0.03367763715002338,-6.283128625338585
BTCUSDT,1695859200000,1,0.032,3.3078489351544995,0.8451815704724724,1695902400000,exit,26360.23893765297,26463.60921687655,0.013379408544,2.476046773226027
BTCUSDT,1695916800000,1,0.025,12.525272484449216,0.6816058148121623,1696282860000,stop,27013.727142797507,27514.738042175475,-0.004652590439661781,11.839014079197392
BTCUSDT,1696449600000,1,0.018000000000000002,-0.4604973716742898,0.4967115661890259,1696844940000,stop,27607.878604159054,27582.295416843815,-0.039685223000763235,-0.996894160864079
BTCUSDT,1697299200000,1,0.046,-3.54476646740883,1.236928751239011,1697313600000,exit,26928.285532015554,26851.22539141971,0.0,-4.781695218647841
BTCUSDT,1697400000000,1,0.059000000000000004,419.6156725412246,1.8046198958055728,1699006560000,stop,27030.712873473905,34142.84291654551,-6.92386990432356,410.8871827410955
BTCUSDT,1699617600000,1,0.006,-4.181624325014592,0.2205159589931113,1699910040000,stop,37101.12852593643,36404.191138434,-0.40336133949186065,-4.8055016234995644
BTCUSDT,1700366400000,1,0.019,13.9071032827807,0.7009884306904494,1700467200000,exit,36528.15152889784,37260.10433325472,-0.280863206408063,12.925251645682188
BTCUSDT,1700510400000,1,0.019,-24.016358276771506,0.702127669562314,1700578980000,stop,37586.097300036825,36322.07844336464,-0.14203724186649702,-24.860523188200318
BTCUSDT,1701748800000,1,0.01,14.043979045934975,0.425351530362319,1701979200000,exit,41832.95408393515,43237.351988528644,-0.3467074296138,13.271920085958856
BTCUSDT,1702051200000,1,0.013000000000000001,2.42386869524113,0.570354361419249,1702065600000,exit,43780.18669781757,43966.63813591304,0.0,1.8535143338218811
BTCUSDT,1702137600000,1,0.014,-15.889347457608382,0.6093044681866979,1702260360000,stop,44089.224422535866,42954.271032706696,-0.4899492032573223,-16.9886011290524
BTCUSDT,1702958400000,1,0.01,6.5660791043053175,0.43429649834034223,1703102400000,exit,43101.34587881895,43757.953789249485,-0.2771319559616541,5.854650650003322
BTCUSDT,1703145600000,1,0.012,-2.1171084756362832,0.5245010085978243,1703188800000,exit,43796.63023630354,43620.20453000051,-0.1523260274772283,-2.7939355117113363
BTCUSDT,1703203200000,1,0.012,-3.4304449446882357,0.5250562120269066,1703232000000,exit,43897.61954160422,43611.749129546864,-0.15496962011999998,-4.110470776835142
BTCUSDT,1703246400000,1,0.011,-2.228150516304333,0.4805181213022851,1703332800000,exit,43784.74514185794,43582.18600401209,-0.213327366484293,-2.921996004090911
BTCUSDT,1703347200000,1,0.015,-0.8197454382345677,0.6563333691019504,1703361600000,exit,43782.88278807118,43728.23309218888,0.0,-1.476078807336518
BTCUSDT,1703563200000,1,0.02,-13.829694140694484,0.8628649398502048,1703577600000,exit,43488.9893460276,42797.504638992876,-0.20335343329511743,-14.895912513839805
BTCUSDT,1703620800000,1,0.015,13.604313280674578,0.6390630554413661,1703678400000,exit,42150.726586735254,43057.68080544689,-0.4181012853899999,12.547148939843213
BTCUSDT,1704225600000,1,0.013000000000000001,-23.29015885054575,0.5743421616516935,1704283260000,stop,45075.94162130509,43284.39094049388,-0.2239575024131182,-24.08845851461056
BTCUSDT,1704369600000,1,0.004,3.4249702509615747,0.174472938238098,1704384000000,exit,43190.113278154306,44046.3558408947,-0.017619272734752004,3.2328780399887247
BTCUSDT,1704398400000,1,0.004,-1.9426756026602816,0.17483983135802406,1704427200000,exit,43952.792289838544,43467.123389173474,-0.017658840000000002,-2.135174274018306
BTCUSDT,1704528000000,1,0.006,0.12803748294095568,0.26194534380413304,1704542400000,exit,43646.88751044377,43668.22709093393,0.0,-0.13390786086317735
BTCUSDT,1704556800000,1,0.007,0.6359141353434825,0.3073709368565103,1704585600000,exit,43864.7113984055,43955.55627488314,-0.030777601067374004,0.29776559741959824
BTCUSDT,1704600000000,1,0.009000000000000001,-3.9416646235013544,0.39347177084316903,1704686400000,exit,43938.067017213296,43500.1042812687,-0.11881592429361301,-4.4539523186381365
BTCUSDT,1704700800000,1,0.016,12.363255435509958,0.7097226781735975,1704835500000,stop,43971.31565349015,44744.01911820952,-0.297042432222592,11.35649032511377
BTCUSDT,1704916800000,1,0.003,0.4569392743425342,0.13974092564617596,1704931200000,exit,46504.15200300157,46656.46509444908,-0.013996170000000002,0.30320217869635824
BTCUSDT,1705118400000,-1,0.002,-0.9600203447606619,0.08572715758340527,1705132800000,exit,42623.57370551247,43103.5838778928,0.008620441631914002,-1.0371270607121532
BTCUSDT,1705147200000,-1,0.003,-1.5987640681144404,0.12868638316754083,1705161600000,exit,42629.00037782787,43161.92173386602,0.01294899,-1.7145014612819813
BTCUSDT,1705276800000,-1,0.009000000000000001,-7.584985127723893,0.3793767878085066,1705291200000,exit,41731.58836051606,42574.36448581872,0.0,-7.9643619155324
BTCUSDT,1705334400000,-1,0.015,-10.725889882423035,0.6395141918820487,1705348800000,exit,42276.74979605582,42991.80912155069,0.0,-11.365404074305083
BTCUSDT,1705435200000,-1,0.012,40.411227376158905,0.4977531147390739,1706198400000,exit,43163.227368929445,39795.62508758287,1.33417573708242,41.24764999850225
BTCUSDT,1706212800000,-1,0.013000000000000001,-16.82937262142537,0.5281727839259223,1706270400000,exit,39981.392124246886,41275.95924897191,0.10388557167082901,-17.253659833680462
BTCUSDT,1706673600000,-1,0.014,-1.6137807217440567,0.6016442492188572,1706688000000,exit,42916.954204141795,43032.22425569494,0.060256168556024,-2.15516880240689
BTCUSDT,1707494400000,1,0.011,31.47843247182509,0.5342819262895793,1707825600000,exit,47140.24636851515,50001.92204777198,-0.575061885897642,30.369088659637868
BTCUSDT,1711036800000,1,0.002,-2.673478155559802,0.13187556678652454,1711051200000,exit,66606.15293215221,65269.41385437232,0.0,-2.8053537223463265
BTCUSDT,1711382400000,1,0.006,4.0817054736054565,0.42113944866275854,1711440000000,exit,69849.7659876593,70530.0502332602,-0.16978004631,3.490785978632698
BTCUSDT,1711742400000,1,0.007,1.255902367249757,0.4886835506208993,1711756800000,exit,69722.2284910392,69901.64311493203,-0.09601804867690925,0.6712007679519484
BTCUSDT,1711771200000,1,0.009000000000000001,-1.7077276726646962,0.6276929065324147,1711950480000,stop,69838.53004097189,69648.78252178692,-1.5811156902909762,-3.9165362694880868
BTCUSDT,1712116800000,1,0.004,2.7210124045939885,0.26637998889724596,1712304000000,exit,66254.87067373724,66935.12377488574,-0.18686527463262798,2.2677671410641147
BTCUSDT,1712332800000,1,0.006,6.939081008223526,0.41269527588334626,1712534400000,exit,68204.28922987242,69360.802731243,-0.288652560711504,6.237733171628675
BTCUSDT,1712563200000,1,0.009000000000000001,15.4773367511868,0.6444872414679164,1712577600000,exit,70749.84145470255,72469.54553816775,0.0,14.832849509718883
BTCUSDT,1712649600000,1,0.008,-9.04509586046706,0.5590637838495817,1712678400000,exit,70448.29147247689,69317.65448991851,-0.1056784679286577,-9.709838112245297
BTCUSDT,1712779200000,1,0.007,-0.5837857170645148,0.49057547268877344,1712836800000,exit,70123.9093639008,70040.51140432016,-0.16900723786972532,-1.2433684276230137
BTCUSDT,1712851200000,1,0.006,-4.074394883088651,0.41825764995013204,1712937600000,exit,70049.14123194607,69370.07541809796,-0.20708096500139953,-4.699733498040182
BTCUSDT,1714795200000,1,0.005,1.1467617037276432,0.31407395977653696,1714809600000,exit,62700.115784934635,62929.468125680156,-0.023458588019329468,0.8092291559317768
BTCUSDT,1715774400000,1,0.009000000000000001,67.8600119710097,0.5959788520069673,1716235200000,exit,62449.871780162495,69989.87311027468,-0.2997492781579719,66.96428384084476
BTCUSDT,1718438400000,-1,0.009000000000000001,-2.023379793018787,0.5957437741601064,1718452800000,exit,66081.3426959552,66306.16267295729,0.0,-2.6191235671788933
BTCUSDT,1718467200000,-1,0.01,-4.43154987551985,0.6653183272318324,1718647680000,stop,66310.25522940724,66753.41021695922,0.39730463270213007,-4.699563570049553
BTCUSDT,1719158400000,-1,0.02,17.476912605537947,1.2726738080926585,1719187200000,exit,64070.61321977137,63196.76758949447,0.12050003532000002,16.324738832765288
BTCUSDT,1719230400000,-1,0.016,6.844683024666738,0.9766516510213132,1719244800000,exit,61254.62453335291,60826.83184431124,0.072870939648,5.940902313293424
BTCUSDT,1719259200000,-1,0.011,-22.817323477929477,0.6635822291799316,1719285660000,stop,59288.50613099698,61362.808265354215,0.04936758049947936,-23.43153812660993
BTCUSDT,1719547200000,-1,0.012,5.782953998558427,0.7387258110355654,1719561600000,exit,61801.44066957039,61319.527836357185,0.07359723287659202,5.117825420399454
BTCUSDT,1719590400000,-1,0.011,-7.286537655246029,0.6750530953694349,1719731400000,stop,61037.25695834654,61699.669472459806,0.267927388713479,-7.693663361901985
BTCUSDT,1720022400000,-1,0.008,-0.28867195701214954,0.48153034888090274,1720051200000,exit,60173.25161279958,60209.335607426096,0.048166320000000006,-0.7220359858930523
BTCUSDT,1720065600000,-1,0.005,4.3661457299795075,0.293268535425931,1720080000000,exit,59090.321658184155,58217.092512188254,0.029107,4.101984194553577
BTCUSDT,1720094400000,-1,0.004,-1.5786381945747998,0.2317743646746651,1720108800000,exit,57746.26139434442,58140.92094298812,0.023249960000000004,-1.7871625992494649
BTCUSDT,1720440000000,-1,0.005,-3.530501569349035,0.28743418280298394,1720555200000,exit,57133.786403661885,57839.88671753169,0.087403267132125,-3.730532485019894
BTCUSDT,1720584000000,-1,0.003,-2.3829144015776036,0.17565860138589723,1720598400000,exit,58155.71472836948,58950.01952889534,0.01631470205603338,-2.5422583009074677
BTCUSDT,1720612800000,-1,0.004,-3.792573117324355,0.23576430269009074,1720911480000,stop,58467.004032857134,59415.14731218822,0.17162306089416896,-3.856714359120277
BTCUSDT,1721923200000,1,0.008,15.06467081025563,0.5257481602431495,1722272400000,stop,64776.9781047527,66660.06195603465,-0.4940198078684946,14.044902842143985
BTCUSDT,1722312000000,1,0.006,1.9460188519904624,0.4005000931986983,1722326400000,exit,66587.8472954505,66912.18377078224,-0.014300838707999999,1.5312179200837641
BTCUSDT,1722340800000,1,0.008,-15.474158600803815,0.5245367878121565,1722470400000,exit,66534.2333890698,64599.96356396932,-0.15768574539914887,-16.15638113401512
BTCUSDT,1722556800000,1,0.006,-4.4040509874453715,0.38978652975750794,1722571200000,exit,65331.42587520511,64597.41737729755,0.0,-4.7938375172028795
BTCUSDT,1724112000000,1,0.011,34.92226438259847,0.6708677044159319,1724751780000,stop,59400.59747496661,62575.348782475565,0.005472222691632658,34.25686890087417
BTCUSDT,1724846400000,1,0.007,-6.601226288964201,0.4160172375347206,1724860800000,exit,59902.55009702895,58959.517770034065,-0.004718364101939119,-7.021961890600861
BTCUSDT,1724947200000,1,0.005,-13.424590463909809,0.2970559714217603,1725033600000,exit,60753.65333074304,58068.73523796108,-0.021873919991394708,-13.743520355322964
BTCUSDT,1725048000000,1,0.006,0.9622895934481931,0.35251811084012763,1725134400000,exit,58672.82767390059,58833.20927280862,-0.019927013645537194,0.5898444689625283
BTCUSDT,1725148800000,1,0.01,-4.430955555240798,0.5872139615070262,1725163200000,exit,58942.94392846465,58499.84837294057,0.0,-5.018169516747824
BTCUSDT,1725321600000,1,0.01,-14.223491786850063,0.5840304834154755,1725379200000,exit,59114.22293089005,57691.87375220505,-0.05680121104533801,-14.864323481310876
BTCUSDT,1726257600000,1,0.009000000000000001,-9.357441224974115,0.5326691813949163,1726446840000,stop,59705.322445267026,58665.606753603235,0.01784277029742152,-9.87226763607161
BTCUSDT,1726531200000,1,0.012,78.35813850599021,0.7374427600683986,1727661000000,stop,58188.64090128362,64718.4857767828,-1.3043042225393977,76.3163915233824
ETHUSDT,1635451200000,1,0.053,3.9326432358239405,0.2279331520002459,1635595200000,exit,4263.52510155347,4337.7259173237335,-0.3776040633546931,3.3271060204690013
ETHUSDT,1636228800000,1,0.101,5.578736364050756,0.457205043023133,1636257600000,exit,4499.1650974367085,4554.4001109421615,-0.10577105977951166,5.015760261248111
ETHUSDT,1636272000000,1,0.111,6.7760408903974385,0.507882275763613,1636315200000,exit,4544.993291156885,4606.038704583889,-0.16500020671455293,6.103158407919272
ETHUSDT,1636689600000,1,0.073,-12.617762300790615,0.3424158070024903,1636718400000,exit,4777.050522642269,4604.204463727329,-0.03439301154930301,-12.994571119342408
ETHUSDT,1636732800000,1,0.061,5.577143734872153,0.28182105089888876,1636761600000,exit,4574.3029349418475,4665.731520759424,-0.028462661000000004,5.2668600229732645
ETHUSDT,1636790400000,1,0.089,3.098530010207227,0.4150707502434111,1636819200000,exit,4646.3088229023315,4681.123766837244,-0.041664015000000006,2.641795244963816
ETHUSDT,1636833600000,1,0.089,-0.09047344913782944,0.4133830065025783,1636848000000,exit,4645.261159855587,4644.244604247297,-0.041337067071975,-0.5451935227123827
ETHUSDT,1638302400000,1,0.054,-13.266713750486538,0.24537067389556982,1638547380000,stop,4666.741310570613,4421.0614263023435,-0.24525729712910474,-13.757341721511212
ETHUSDT,1638835200000,1,0.047,-9.730486738108695,0.19938531461546,1639063860000,stop,4345.756552862007,4138.72492013629,-0.13791814656536902,-10.067790199289524
ETHUSDT,1639224000000,1,0.043000000000000003,1.8657569037058712,0.17347791413541835,1639238400000,exit,4012.675248455009,4056.064943890029,-0.015213419517700002,1.6770655700527528
ETHUSDT,1639267200000,1,0.048,-2.2906752340571184,0.19513837410838875,1639281600000,exit,4089.243994279527,4041.521593570004,0.0,-2.485813608165507
ETHUSDT,1639339200000,1,0.065,-9.56455340970899,0.2643060449668141,1639368000000,exit,4139.8203334102855,3992.673357876301,-0.026842122225100004,-9.855701576900904
ETHUSDT,1639900800000,1,0.08,-4.103313737813115,0.316081754001877,1639929600000,exit,3976.667635884794,3925.37621416213,-0.03139952,-4.450795011814992
ETHUSDT,1640419200000,1,0.11900000000000001,-0.18005990413174278,0.48198091678138577,1640433600000,exit,4051.0163591046353,4049.5032506665534,0.0,-0.6620408209131285
ETHUSDT,1640448000000,1,0.129,-3.3660244822950585,0.5243645318336432,1640534400000,exit,4077.887938564269,4051.794725523222,-0.15712980657819,-4.047518820706892
ETHUSDT,1640548800000,1,0.151,-1.7970761170838259,0.6142953023663051,1640563200000,exit,4074.1313935420335,4062.23022720373,-0.061311145312769,-2.4726825647629
ETHUSDT,1640577600000,1,0.155,-4.489034115394731,0.6301523441192377,1640592000000,exit,4079.9797495286134,4051.0182391067124,-0.062798420123195,-5.181984879637164
ETHUSDT,1640606400000,1,0.168,3.034277409734852,0.683565631987904,1640635200000,exit,4059.812460018074,4077.8736350760196,-0.06873387125740801,2.2819779064895402
ETHUSDT,1640707200000,1,0.14300000000000002,-15.2853567126736,0.5495563388603847,1640779200000,exit,3896.4966238931565,3789.606017510823,-0.0979925417328,-15.932905593266785
ETHUSDT,1640793600000,1,0.117,-8.069059759802204,0.43974638972329266,1640808000000,exit,3792.9993128478095,3724.0329901144573,0.0,-8.508806149525498
ETHUSDT,1643025600000,-1,0.022,-7.0145757818748065,0.052733004166048564,1643202540000,stop,2237.5325579595983,2556.3769116811804,-0.0017101039393616125,-7.069018889980216
ETHUSDT,1643227200000,-1,0.044,-2.1924746583889863,0.11424290771410721,1643488200000,stop,2571.5152360207435,2621.344205529584,-0.030774634308029476,-2.337492200411123
ETHUSDT,1644004800000,-1,0.074,-2.925846603228654,0.22029474343058364,1644033600000,exit,2957.1867584995853,2996.7252261107833,0.022145139616484,-3.123996207042754
ETHUSDT,1645272000000,-1,0.098,-2.383592751088926,0.26786423263183545,1645430400000,exit,2721.147308737663,2745.4696837487745,0.006945025751631126,-2.6445119579691303
ETHUSDT,1645502400000,-1,0.062,-6.475003659197105,0.15937826724341872,1645545600000,exit,2518.39944215839,2622.8349850486657,0.0040403422694528755,-6.630341584171071
ETHUSDT,1645574400000,-1,0.061,-3.5927117391199808,0.16255256912658023,1645603200000,exit,2635.3477583118074,2694.2446720678727,-0.0064522078634,-3.7617165161099613
ETHUSDT,1646078400000,-1,0.06,-6.78051051935161,0.17182319117571482,1646092800000,exit,2807.21559860065,2920.2241072565103,0.017526060000000003,-6.9348076505273255
ETHUSDT,1646208000000,-1,0.074,29.05472557858345,0.20512273691329083,1646784000000,exit,2968.2445905754403,2575.613163837826,0.22758739895060148,29.07719024062076
ETHUSDT,1646899200000,-1,0.10300000000000001,-1.48812157000537,0.26762785711719106,1646956800000,exit,2591.10481875911,2605.552600992172,-0.003744561529548179,-1.7594939886521093
ETHUSDT,1647028800000,-1,0.117,-9.451271540977128,0.30378191843802277,1647370740000,stop,2556.036603996019,2636.816702636849,0.1370740468194354,-9.617979412595716
ETHUSDT,1649448000000,1,0.10200000000000001,-7.673115031293964,0.3264763205071911,1649665140000,stop,3238.3615492435106,3163.134931289648,-0.23183114975897218,-8.231422501560127
ETHUSDT,1652702400000,-1,0.076,0.7160982634721412,0.15392965706703715,1653212520000,stop,2030.101397352279,2020.6790517802774,0.04991349534969649,0.6120821017548006
ETHUSDT,1653710400000,-1,0.07,-8.419291101401626,0.1276591305736819,1653878400000,stop,1763.5640717568724,1883.839658919753,0.03709149458982884,-8.509858737385478
ETHUSDT,1656302400000,-1,0.229,-0.8820773759029649,0.2795971148049772,1656417600000,exit,1219.0221664498938,1222.8740327202124,-0.02697267470287006,-1.188647165410812
ETHUSDT,1656432000000,-1,0.199,23.850455320438304,0.223525074645755,1656835200000,exit,1183.167348271227,1063.3158139976676,-0.07331863560350166,23.553611610189044
ETHUSDT,1657022400000,-1,0.244,-8.432575809885948,0.2754666537790507,1657051200000,exit,1111.6818273529007,1146.2415642786627,0.011409191927883025,-8.696633271737115
ETHUSDT,1657080000000,-1,0.214,-4.846508818567676,0.2442996302791826,1657137600000,exit,1130.2634386443867,1152.9106761143291,0.034979162184599996,-5.0558292866622585
ETHUSDT,1657396800000,-1,0.249,18.663389425674055,0.29391671295956767,1657540800000,exit,1217.8650910538342,1142.9117198663882,0.077659226329161,18.447131939043647
ETHUSDT,1657641600000,-1,0.329,7.830888938525024,0.34991374000994113,1657684800000,exit,1075.4686458334456,1051.6665517953757,-0.061186323870700006,7.419788874644382
ETHUSDT,1659744000000,1,0.18,-4.116689697917354,0.3106623376276664,1659816000000,exit,1737.3371248701392,1714.4666265483759,-0.0618420425166,-4.489194078061621
ETHUSDT,1659844800000,1,0.21,3.3682336063810063,0.35513620253421796,1659916800000,exit,1683.10517014775,1699.1443777971833,0.0028187981740435434,3.015916202020832
ETHUSDT,1660075200000,1,0.20600000000000002,44.204649628951735,0.369644315507537,1660546260000,stop,1687.0970421993256,1901.682720009771,-0.19516897446241355,43.63983633898179
ETHUSDT,1661400000000,1,0.193,6.0314126310196565,0.3251474293375035,1661443200000,exit,1669.0762850880499,1700.32712773582,-0.002669145632949399,5.703596056049204
ETHUSDT,1662321600000,1,0.249,2.0061524143467473,0.39106122851327374,1662350400000,exit,1566.4986036389573,1574.555440644366,-0.003446525424831421,1.611644660408642
ETHUSDT,1662436800000,1,0.29,-19.937157472837903,0.4654798091758635,1662486480000,stop,1639.4771996975257,1570.728380825671,0.07530215205614235,-20.327335129957625
ETHUSDT,1662609600000,1,0.14,-2.2668019689274934,0.2269107088320373,1662624000000,exit,1628.886498689293,1612.6950560540965,0.0028000980086290398,-2.4909125797509017
ETHUSDT,1662696000000,1,0.17300000000000001,5.5752628000391615,0.29203314923056545,1662710400000,exit,1671.9394094251206,1704.1663620265028,0.011313078786382927,5.294542729594979
ETHUSDT,1662739200000,1,0.181,1.271297241359977,0.31165670005977975,1662955200000,exit,1718.3483504922638,1725.372092157236,0.4305922637087986,1.3902328050089958
ETHUSDT,1663142400000,1,0.112,-1.9573408296485868,0.17936194317957113,1663171200000,exit,1610.184049949959,1592.7077925423823,0.3070201303008,-1.829682642527358
ETHUSDT,1663185600000,1,0.127,-0.06072959677073277,0.20242220274755335,1663214400000,exit,1594.1147050861316,1593.6365192847873,0.627263851642,0.36411205212371395
ETHUSDT,1663228800000,1,0.106,-5.375820653273573,0.17128640222398642,1663243200000,exit,1641.2670995341812,1590.551810352355,0.0,-5.54710705549756
ETHUSDT,1665950400000,-1,0.505,-2.174108161704379,0.6612398254857839,1665993600000,exit,1307.233210702835,1311.5383753794774,0.02875477974778756,-2.8065932074423756
ETHUSDT,1666209600000,-1,0.443,-1.2294013749125412,0.5748889968189865,1666396800000,exit,1296.3302395745604,1299.1054119784262,0.10850020517100252,-1.6957901665605253
ETHUSDT,1666468800000,-1,0.526,0.179874684648521,0.6908365476308902,1666483200000,exit,1313.5484505194192,1313.2064834383384,0.00708000997,-0.5038818530123692
ETHUSDT,1666497600000,-1,0.6,-10.494172001336254,0.7928757589655786,1666555200000,exit,1312.7144549415175,1330.2047416104112,0.09726397344000001,-11.189783786861833
ETHUSDT,1666771200000,1,0.139,1.8304885944338372,0.21148159974455932,1666785600000,exit,1514.865866527643,1528.0348492214116,0.0,1.6190069946892778
ETHUSDT,1666800000000,1,0.10200000000000001,-3.0534104089982748,0.15831422046461782,1666972800000,exit,1567.0678987168328,1537.132502550183,-0.028486476753184622,-3.240211106216077
ETHUSDT,1667016000000,1,0.11900000000000001,0.6338101124930281,0.18940484424799708,1667030400000,exit,1588.9742789222735,1594.3004143213745,-0.01555063168626362,0.4288546365587674
ETHUSDT,1667044800000,1,0.12,0.8618560383339627,0.1941759844169288,1667102400000,exit,1614.5421366480152,1621.7242703007985,-0.034611254761509176,0.6330687991555248
ETHUSDT,1673121600000,1,0.772,-1.9395051793086886,0.9754913500405363,1673150400000,exit,1264.8459878629412,1262.3336754545103,-0.020788710518000002,-2.935785239867225
ETHUSDT,1673164800000,1,0.833,-1.703135750758305,1.0511151985175269,1673179200000,exit,1262.8652657777984,1260.8206850445952,0.0,-2.754250949275832
ETHUSDT,1673193600000,1,0.8210000000000001,110.16066211937301,1.1010841137193121,1673596800000,exit,1274.0606366134293,1408.2392750048703,-1.3878098446690323,107.67176816098467
ETHUSDT,1673784000000,1,0.095,10.757163538640883,0.1511515828802924,1674302400000,exit,1534.4526432733887,1647.685943680135,-0.287093168050822,10.31891878770977
ETHUSDT,1674316800000,1,0.161,2.5267242221488617,0.26656696672908836,1674331200000,exit,1647.8484758882853,1663.5424151562906,0.0,2.2601572554197733
ETHUSDT,1675137600000,-1,0.20700000000000002,-2.3383588303896023,0.3258808035377565,1675152000000,exit,1568.6551889978823,1579.9516084683635,0.032703930000000006,-2.631535703927359
ETHUSDT,1675612800000,-1,0.34800000000000003,5.367490646446566,0.5695949912363893,1675641600000,exit,1644.4791280448635,1629.055304348178,0.05667980400000001,4.854575459210176
ETHUSDT,1675728000000,-1,0.326,-6.232481419417165,0.5292120145440493,1675742400000,exit,1613.7907172832538,1632.9087584471101,0.0,-6.761693433961215
ETHUSDT,1675987200000,-1,0.221,1.2458155846398098,0.34073445563335203,1676386200000,stop,1544.603454414805,1538.9662798236745,0.2125587307352373,1.117639859741695
ETHUSDT,1676419200000,-1,0.248,-4.182283473653929,0.3877025403030016,1676462400000,exit,1554.884671637801,1571.7487179025345,0.010778821844078463,-4.5592071921128525
ETHUSDT,1676476800000,-1,0.268,-13.416085642704564,0.42971694742151545,1676491200000,exit,1578.3914350752354,1628.4514561301032,0.0,-13.84580259012608
ETHUSDT,1676592000000,-1,0.176,-11.914014420925316,0.29439461715287274,1676664000000,exit,1638.8500564909666,1706.543320246224,0.058556681135216004,-12.149852356942974
ETHUSDT,1677081600000,-1,0.266,-11.353953615487548,0.43461407943100094,1677168000000,exit,1612.5454985836734,1655.2295347321228,0.09370886099507082,-11.694858833923478
ETHUSDT,1677945600000,-1,0.34400000000000003,-1.6912052689670674,0.537890540860001,1677974400000,exit,1561.1771460044108,1566.093440390943,0.028940127133363747,-2.2001556826937048
ETHUSDT,1678017600000,-1,0.539,50.58312688439333,0.8198001288299781,1678499760000,stop,1567.8881118222166,1474.0418652834535,0.6064867882639849,50.36981354382734
ETHUSDT,1678896000000,-1,0.077,-1.0825028471219535,0.1263788006255291,1678910400000,exit,1634.2538857398458,1648.3123642738972,0.0,-1.2088816477474826
ETHUSDT,1680465600000,-1,0.40900000000000003,-5.355230616839246,0.7309067327042019,1680480000000,exit,1780.51128947624,1793.604762867045,-0.021551583556016947,-6.107688933099466
ETHUSDT,1680494400000,-1,0.447,-7.442106846542864,0.7982221782057627,1680508800000,exit,1777.4074379921506,1794.0564465973919,-0.015717329964,-8.256046354712627
ETHUSDT,1680552000000,-1,0.357,2.901997075778527,0.6475407198794001,1680566400000,exit,1817.9039731576736,1809.775129808154,0.04109277916799999,2.295549135067127
ETHUSDT,1682640000000,-1,0.083,-0.8968703631862923,0.15878026820139846,1682668800000,exit,1907.6124460217504,1918.4181130480915,0.0127966898214,-1.0428539415662907
ETHUSDT,1682899200000,-1,0.388,8.662192774887577,0.7205757958527594,1682913600000,exit,1868.3167325778434,1845.9914934673084,0.0,7.9416169790348174
ETHUSDT,1683201600000,-1,0.34600000000000003,-14.457048714892057,0.6659572637306566,1683297060000,stop,1903.8402872058105,1945.6236649945158,0.124879430487,-14.998126548135714
ETHUSDT,1683388800000,-1,0.182,-3.8192513954439216,0.3433572723424583,1683403200000,exit,1876.0859705754744,1897.0708683526389,0.0,-4.16260866778638
ETHUSDT,1683504000000,-1,0.195,0.8370342335118676,0.36410649933919725,1683518400000,exit,1869.3590587484778,1865.066575499699,0.0,0.4729277341726703
ETHUSDT,1683532800000,-1,0.181,-2.0792643000306996,0.33596350245311013,1683547200000,exit,1850.4081232215183,1861.8957712879862,0.0,-2.41522780248381
ETHUSDT,1684036800000,-1,0.34,-5.1409502836152345,0.615635118370696,1684080000000,exit,1803.1313036143772,1818.2517456250105,0.05713360167784142,-5.699451800308089
ETHUSDT,1684094400000,-1,0.382,-6.780058222486314,0.6891654306008468,1684209600000,exit,1795.2235641089098,1812.9724076232717,-0.03945618095011696,-7.508679834037277
ETHUSDT,1684872000000,1,0.459,-13.842660756640248,0.8426311090878988,1684900800000,exit,1850.8767744362067,1820.7184721341582,-0.07722792494820001,-14.762519790676347
ETHUSDT,1685793600000,1,0.47600000000000003,-0.2716708665366023,0.9057016434796077,1685808000000,exit,1903.0199136825124,1902.4491765679397,-0.008603768729121162,-1.1859762787453312
ETHUSDT,1685836800000,1,0.442,-1.1006732512944468,0.8352399604781222,1685923200000,exit,1890.9282739904286,1888.438063014649,-0.11062201514797444,-2.0465352269205437
ETHUSDT,1685980800000,1,0.464,-6.400945825489875,0.8409024316749807,1685995200000,exit,1819.187294370098,1805.3921525048181,0.0,-7.241848257164856
ETHUSDT,1686009600000,1,0.391,0.27221585089801764,0.7078777582206428,1686024000000,exit,1810.0809470465313,1810.7771512687768,0.0,-0.43566190732262516
ETHUSDT,1686067200000,1,0.333,16.503406923840952,0.6214597544579883,1686081600000,exit,1841.4656186068103,1891.025399158885,0.0,15.881947169382965
ETHUSDT,1686628800000,-1,0.34400000000000003,5.783749443745063,0.5979015720311791,1686672000000,exit,1746.4925777704984,1729.6793526433328,0.06194885390988991,5.247796725623774
ETHUSDT,1686787200000,-1,0.252,1.917455733812253,0.4148764873298725,1686830400000,exit,1650.1397428443595,1642.5307915197077,-0.034023212496,1.4685560339863806
ETHUSDT,1686873600000,-1,0.264,-18.49061645183416,0.44896359931488294,1686980460000,stop,1665.599587458204,1735.6398012909092,0.0018822150071999971,-18.937697836141844
ETHUSDT,1687291200000,-1,0.353,-10.302732518239253,0.6341013995630909,1687320000000,exit,1781.7281396713067,1810.9143507711344,0.063239597,-10.873594320802344
ETHUSDT,1687334400000,-1,0.312,-5.332640881380344,0.5680136056121523,1687348800000,exit,1812.0105293957117,1829.1023270924434,0.0,-5.900654486992496
ETHUSDT,1687377600000,-1,0.195,-1.2805181376655128,0.36759376746271855,1687392000000,exit,1881.8128635583885,1888.3796232387242,0.03682860067068,-1.6112833044575514
ETHUSDT,1688688000000,-1,0.333,-13.349340848984301,0.620953689262385,1689014400000,stop,1844.6817382519305,1884.769848909541,0.2134747887495904,-13.756819749497097
ETHUSDT,1689033600000,-1,0.451,2.3685606839229862,0.8463770437382931,1689105600000,exit,1879.2934015083251,1874.041603982997,0.08648089421069999,1.6086645343953931
ETHUSDT,1689192000000,-1,0.439,1.048672538086692,0.8200607926291803,1689220800000,exit,1869.2144166246553,1866.8256409114738,-0.006751366800348678,0.22186037865716293
ETHUSDT,1689465600000,-1,0.231,1.845287573564964,0.4449930608484049,1689480000000,exit,1930.3710157367418,1922.3827578425212,0.0,1.4002945127165591
ETHUSDT,1689552000000,-1,0.377,-3.5578980392211865,0.725960037564382,1689566400000,exit,1920.904744150587,1930.3421394800862,0.0,-4.2838580767855685
ETHUSDT,1689595200000,-1,0.52,-6.184934473705935,0.9957457432204351,1689854400000,exit,1908.9486076607348,1920.8427124178615,0.604461730381422,-6.576218486544948
ETHUSDT,1689868800000,-1,0.388,-1.2943808184226482,0.7329048058909396,1689897600000,exit,1887.2618955714647,1890.5979286086365,0.013189070056800001,-2.014096554256788
ETHUSDT,1690070400000,-1,0.58,-1.7607319049383021,1.08281099758194,1690084800000,exit,1865.397640740467,1868.433385404154,0.0,-2.843542902520242
ETHUSDT,1690934400000,-1,0.41300000000000003,13.024417209618463,0.7670179823446983,1691006400000,exit,1872.9544575048608,1841.4183383532422,0.15273870834474002,12.410137935618504
ETHUSDT,1691064000000,-1,0.498,-3.9834295059801983,0.9168660733052287,1691092800000,exit,1837.0971055265836,1845.0959599562627,0.09161970595417801,-4.808675873331248
ETHUSDT,1691107200000,-1,0.47200000000000003,0.4086953286194439,0.8657530919784362,1691150400000,exit,1834.6555924634445,1833.7897125299287,0.04187899552249981,-0.4151787678364925
ETHUSDT,1691870400000,-1,1.012,19.070462434768995,1.8595005550938564,1692158400000,exit,1846.8733066316609,1828.0289761625215,1.5255612978290065,18.736523177504147
ETHUSDT,1692172800000,-1,0.861,117.63778202734433,1.5136806470808906,1692345600000,exit,1826.3641557428136,1689.7349083242952,0.406191568749223,116.53029294901266
ETHUSDT,1693339200000,-1,0.24,18.714742739600624,0.40688085081801884,1693512000000,exit,1734.3259257825798,1656.3478310342439,0.1287608293197291,18.436622718102335
ETHUSDT,1694448000000,-1,0.447,-14.820787200249647,0.7054388213362242,1694514060000,stop,1561.584849521475,1594.7409730119664,-0.053461380159680084,-15.579687401745552
ETHUSDT,1694923200000,-1,0.655,-17.490599493125966,1.0752797629351178,1695036540000,stop,1628.2968903642056,1655.0000956972224,0.05579503411079989,-18.510084221950283
ETHUSDT,1695096000000,-1,0.547,-7.223154621485044,0.8973556521536032,1695124800000,exit,1633.9014165317378,1647.1064524028257,-0.011164019692800002,-8.131674293331447
ETHUSDT,1695211200000,-1,0.485,18.488454107308247,0.7808201095893204,1695729600000,exit,1628.9986322535556,1590.8781083209612,0.44813088464410633,18.15576488236303
ETHUSDT,1696348800000,-1,0.14,-0.3162527567118787,0.23081258414564987,1696363200000,exit,1647.5318411949563,1649.790789457184,0.0,-0.5470653408575286
ETHUSDT,1696420800000,-1,0.224,0.030635906529714704,0.3686763890079272,1696464000000,exit,1645.9451203624644,1645.8083529225996,0.017183283836434353,-0.32085719864177814
ETHUSDT,1696521600000,-1,0.381,0.46397787546303515,0.615944577996017,1696536000000,exit,1617.261330534773,1616.0435408353947,0.0,-0.15196670253298183
ETHUSDT,1696550400000,-1,0.422,-5.241878305756477,0.6825469849768824,1696564800000,exit,1611.199160720389,1623.6206732932717,0.0,-5.924425290733359
ETHUSDT,1696852800000,-1,0.605,3.3607617399103935,0.9600878657588101,1696910400000,exit,1589.699581204571,1584.1446031220744,0.0976413769485,2.4983152511000832
ETHUSDT,1696953600000,-1,0.383,1.5424408197935469,0.5994569741239066,1697395440000,stop,1567.1754426470065,1563.1481820209137,0.36440882349567866,1.3073926691653188
ETHUSDT,1697774400000,-1,0.545,-23.47586628256405,0.8761317705590455,1697797440000,stop,1586.043738381217,1629.1187223859217,0.05100024019532811,-24.300997812927765
ETHUSDT,1702900800000,-1,0.276,-8.986710855576437,0.595947573989416,1702929600000,exit,2142.9500672522745,2175.51061383045,0.05950587600000001,-9.523152553565854
ETHUSDT,1702987200000,-1,0.218,4.265894040951412,0.4856074817112156,1703059200000,exit,2237.3414162004187,2217.773094911651,0.143647946053826,3.9239345052940227
ETHUSDT,1703102400000,-1,0.17300000000000001,-8.595674866326194,0.3859622477961696,1703160000000,exit,2206.152661057841,2255.83864294412,0.20157120439140302,-8.780065909730961
ETHUSDT,1703174400000,-1,0.155,-1.116750090752639,0.34688413570654236,1703203200000,exit,2234.359746201071,2241.5645854962495,0.15338813206,-1.3102460943991816
ETHUSDT,1703260800000,-1,0.14200000000000002,1.6497729005552921,0.32883920585383075,1703376000000,exit,2321.5781148176643,2309.9599957996693,0.204046290187774,1.5249799848892354
ETHUSDT,1703491200000,-1,0.275,-1.7863296200699894,0.6284700615940766,1703520000000,exit,2282.0978064874234,2288.593550560405,0.27614655804820154,-2.1386531236158643
ETHUSDT,1703534400000,-1,0.299,1.4105595793806127,0.6797496210474572,1703563200000,exit,2275.7688991208947,2271.0513085544044,0.34019153679290004,1.0710014951260556
ETHUSDT,1703649600000,-1,0.275,-18.764621025062514,0.6197735457799141,1703678400000,exit,2219.604491881392,2287.8394774270737,0.25120609305,-19.133188477792427
ETHUSDT,1704456000000,-1,0.1,0.7672091564643779,0.223821976575249,1704484800000,exit,2242.0558115348117,2234.383719970168,0.022250944810600002,0.565638124699729
ETHUSDT,1704528000000,-1,0.217,-9.30909497198224,0.4892143499273566,1704728460000,stop,2232.994481296615,2275.89353646704,0.290995280885204,-9.507314041024394
ETHUSDT,1704816000000,-1,0.157,-13.772182128593798,0.36119773679514755,1704844800000,exit,2256.762074718794,2344.4829799964614,0.036808964,-14.096570901388946
ETHUSDT,1705060800000,1,0.062,-9.41014027467528,0.15950270551327383,1705262460000,stop,2648.5125104937333,2496.7360544505837,-0.111321111435576,-9.68096409162413
ETHUSDT,1705550400000,1,0.245,-21.561590394584396,0.6091437346975741,1705607640000,stop,2530.3042036525153,2442.2977122460484,-0.12409201000000002,-22.29482613928197
ETHUSDT,1707249600000,1,0.273,11.086115922489391,0.6547274405619707,1707336000000,exit,2377.9647714312305,2418.5732546637923,-0.10893988267890001,10.32244859924852
ETHUSDT,1708603200000,1,0.075,23.16754909448439,0.2360591238608063,1709150400000,exit,2993.004657514188,3301.905312107313,-1.085006955377068,21.846483015246516
ETHUSDT,1709179200000,1,0.052000000000000005,-2.5052932563010946,0.17615263404508869,1709450820000,stop,3411.6400129469084,3363.4612964795797,-0.8803403721160818,-3.561786262462265
ETHUSDT,1709611200000,1,0.106,-15.0102271681915,0.3842783136547212,1709666280000,stop,3696.070068290726,3554.464151609674,-0.7275294050456769,-16.1220348868919
ETHUSDT,1711022400000,-1,0.038,1.4354619229664112,0.13354282629412612,1711065600000,exit,3533.1725593581405,3495.3972455958665,0.05384207187983488,1.35576116855212
ETHUSDT,1711137600000,-1,0.049,-7.336847693691815,0.16749241373053886,1711375200000,stop,3343.3467323202644,3493.0783179058117,0.19269787339386582,-7.311642234028488
ETHUSDT,1711972800000,-1,0.155,34.126237174483165,0.531711436531926,1712145600000,exit,3540.481000768823,3320.3117286753836,0.4028968173324312,33.99742255528367
ETHUSDT,1712174400000,-1,0.081,0.18172765739640365,0.2684748799158646,1712188800000,exit,3315.6264659822573,3313.3829146563758,0.02683206,-0.059915162519460954
ETHUSDT,1712260800000,-1,0.115,1.9253635811662935,0.38631800440077874,1712433600000,exit,3367.658140794451,3350.915848784309,0.25496050137000004,1.7940060781355147
ETHUSDT,1712505600000,-1,0.171,-11.106132819675814,0.5854492761155949,1712534400000,exit,3391.2059047120297,3456.1540498563327,0.05909524007038201,-11.632486855721027
ETHUSDT,1712678400000,-1,0.109,-5.862657827918212,0.38789913482549365,1712822400000,exit,3531.8147331333444,3585.6005847656215,0.2803527947305523,-5.9702041680131535
ETHUSDT,1712836800000,-1,0.107,0.498707204547306,0.37689282346531194,1712865600000,exit,3524.6932436222955,3520.0324286265263,0.037556358000000005,0.15937073908199406
ETHUSDT,1712880000000,-1,0.121,-3.852033572243056,0.4259449879812727,1712894400000,exit,3504.2890181417456,3536.1240063421014,0.0,-4.277978560224329
ETHUSDT,1712908800000,-1,0.126,44.770035714604546,0.4209650457626414,1713666240000,stop,3518.651298570981,3163.3335548042783,0.7123537992179275,45.06142446805983
ETHUSDT,1714464000000,-1,0.13,35.22076708651197,0.39260557222841524,1714579200000,exit,3155.5073520897786,2884.578374501225,0.06821032788984108,34.8963718421734
ETHUSDT,1714939200000,-1,0.167,0.9642938164493808,0.5240845236700911,1714953600000,exit,3141.117787894106,3135.3435734243494,0.029158360102900002,0.4693676528821898
ETHUSDT,1714968000000,-1,0.188,-8.57789772966196,0.5934067165613666,1714982400000,exit,3133.605147321998,3179.2322629053065,0.05977778702732401,-9.111526659196002
ETHUSDT,1714996800000,-1,0.171,26.86857623261764,0.5248314110093995,1715592360000,stop,3147.7526264661306,2990.626449667197,0.8508880383305245,27.194632859938768
ETHUSDT,1715673600000,-1,0.196,-17.982072768762933,0.5810455724265353,1715799720000,stop,2918.645592051805,3010.3908612801874,0.20840655634933491,-18.354711784840134
ETHUSDT,1715904000000,-1,0.188,-1.0888066903658673,0.553853763865082,1715918400000,exit,2943.134896382442,2948.9264213311967,0.0,-1.6426604542309493
ETHUSDT,1716120000000,-1,0.194,-11.853160711895427,0.6076090664011122,1716232860000,stop,3101.4561136348684,3162.5548801910304,0.14983835073466492,-12.310931427561874
ETHUSDT,1716883200000,1,0.112,-14.602524261590057,0.4239715433823533,1717055520000,stop,3850.6500492245386,3720.2703683174846,-0.3525516951303592,-15.37904750010277
ETHUSDT,1717156800000,1,0.139,1.9764204375460155,0.5299761263340457,1717401600000,exit,3805.6684612609533,3819.88731332963,-0.62270731612056,0.8237369950914099
ETHUSDT,1721275200000,1,0.11,-0.1971696089623174,0.3772157308060957,1721361600000,exit,3430.130141914335,3428.3376909237686,-0.05398473651478687,-0.6283700762832
ETHUSDT,1722312000000,-1,0.156,-3.174440629466824,0.5193982749350025,1722326400000,exit,3319.301632181212,3339.65061057523,0.052101036,-3.641737868401827
ETHUSDT,1722340800000,-1,0.167,132.37494492373534,0.49046436541574256,1723132980000,stop,3333.2445381892826,2540.580197328592,0.43432887126170644,132.3188094295813
ETHUSDT,1723708800000,-1,0.135,-4.829938315481138,0.3552602810373191,1723974600000,stop,2613.6689768857664,2649.446297741182,-0.008787651857059457,-5.193986248375517
ETHUSDT,1724760000000,-1,0.222,20.05874717169243,0.5728230826108147,1725272640000,stop,2625.4615143993733,2535.1067974097673,0.28872055389207707,19.774644642973694
ETHUSDT,1726286400000,-1,0.234,14.072762976722183,0.5619598874830973,1726586100000,stop,2431.6079870575145,2371.4679743364795,0.04506990603632333,13.55587299527541
ETHUSDT,1726761600000,-1,0.167,-3.5073060207144495,0.40904887640505894,1726776000000,exit,2438.8935532616865,2459.8953857210545,0.0,-3.9163548971195086
