id,timestamp_kst,team,strategy,variant,params,split,symbols,code_commit,data_hash,net_return,max_dd,sharpe,trades,status,notes
20261009-174850-donchian_smoke-train,2026-10-09T17:48:50+09:00,baseline,donchian_smoke,base,"{""atr_mult"": 2.0, ""atr_n"": 14, ""n"": 20}",train,BTCUSDT ETHUSDT,5fc73e5,0be2cfd8afff94b8,0.234470,0.037896,1.3861,249,ok,pipeline smoke test
20261009-180321-a1_breakout-train,2026-10-09T18:03:21+09:00,A,a1_breakout,base,"{""atr_n"": 14, ""ema_fast"": 50, ""ema_slow"": 200, ""htf"": ""4h"", ""init_mult"": 2.0, ""n"": 20, ""trail_mult"": 3.0}",train,BTCUSDT ETHUSDT,fc0a2f7,0be2cfd8afff94b8,-0.053998,0.099998,-0.3368,302,halted,"A1 base (n20, init2, trail3, EMA50/200 4h)"
20261009-180414-a1_breakout-train,2026-10-09T18:04:14+09:00,A,a1_breakout,base,"{""atr_n"": 14, ""ema_fast"": 50, ""ema_slow"": 200, ""htf"": ""4h"", ""init_mult"": 2.0, ""n"": 10, ""trail_mult"": 3.0}",train,BTCUSDT ETHUSDT,fc0a2f7,0be2cfd8afff94b8,-0.057138,0.101183,-0.2709,421,halted,"A1 train neighbour {""n"": 10}"
20261009-180439-a1_breakout-train,2026-10-09T18:04:39+09:00,A,a1_breakout,base,"{""atr_n"": 14, ""ema_fast"": 50, ""ema_slow"": 200, ""htf"": ""4h"", ""init_mult"": 2.0, ""n"": 40, ""trail_mult"": 3.0}",train,BTCUSDT ETHUSDT,fc0a2f7,0be2cfd8afff94b8,-0.061814,0.099537,-0.3453,320,halted,"A1 train neighbour {""n"": 40}"
20261009-180443-b1_zscore-train,2026-10-09T18:04:43+09:00,B,b1_zscore,base,"{""adx_max"": 20.0, ""adx_n"": 14, ""atr_n"": 14, ""cost_mult"": 3.0, ""exit_z"": 0.0, ""funding_max"": 0.0005, ""max_hold"": 24, ""n"": 96, ""rsi_lo"": 25.0, ""rsi_n"": 14, ""rt_cost"": 0.0011, ""stop_atr"": 1.5, ""tp_frac"": 0.0, ""z_entry"": 2.5}",train,BTCUSDT ETHUSDT,fc0a2f7,0be2cfd8afff94b8,-0.094972,0.099255,-0.9255,169,halted,B1 pre-declared default
20261009-180506-a1_breakout-train,2026-10-09T18:05:06+09:00,A,a1_breakout,base,"{""atr_n"": 14, ""ema_fast"": 50, ""ema_slow"": 200, ""htf"": ""4h"", ""init_mult"": 2.0, ""n"": 20, ""trail_mult"": 4.0}",train,BTCUSDT ETHUSDT,fc0a2f7,0be2cfd8afff94b8,-0.058165,0.103708,-0.3206,287,halted,"A1 train neighbour {""trail_mult"": 4.0}"
20261009-180526-b1_zscore-train,2026-10-09T18:05:26+09:00,B,b1_zscore,base,"{""adx_max"": 20.0, ""adx_n"": 14, ""atr_n"": 14, ""cost_mult"": 3.0, ""exit_z"": 0.0, ""funding_max"": 0.0005, ""max_hold"": 24, ""n"": 96, ""rsi_lo"": 25.0, ""rsi_n"": 14, ""rt_cost"": 0.0011, ""stop_atr"": 2.5, ""tp_frac"": 0.0, ""z_entry"": 2.5}",train,BTCUSDT ETHUSDT,abbe26c,0be2cfd8afff94b8,-0.097718,0.099968,-1.2756,178,halted,B1 train: wider stop 2.5ATR (pre-declared)
20261009-180542-a1_breakout-train,2026-10-09T18:05:42+09:00,A,a1_breakout,base,"{""atr_n"": 14, ""ema_fast"": 50, ""ema_slow"": 200, ""htf"": ""4h"", ""init_mult"": 3.0, ""n"": 20, ""trail_mult"": 3.0}",train,BTCUSDT ETHUSDT,8b3c565,0be2cfd8afff94b8,-0.072191,0.100213,-0.6668,308,halted,"A1 train neighbour {""init_mult"": 3.0}"
20261009-180555-b1_zscore-train,2026-10-09T18:05:55+09:00,B,b1_zscore,base,"{""adx_max"": 20.0, ""adx_n"": 14, ""atr_n"": 14, ""cost_mult"": 3.0, ""exit_z"": 0.0, ""funding_max"": 0.0005, ""max_hold"": 24, ""n"": 96, ""rsi_lo"": 25.0, ""rsi_n"": 14, ""rt_cost"": 0.0011, ""stop_atr"": 1.5, ""tp_frac"": 1.0, ""z_entry"": 2.5}",train,BTCUSDT ETHUSDT,8b3c565,0be2cfd8afff94b8,-0.095655,0.100294,-0.9321,170,halted,B1 train: maker tp at mean (pre-declared)
20261009-180600-b2_zscore_1h-train,2026-10-09T18:06:00+09:00,B,b2_zscore_1h,base,"{""adx_max"": 20.0, ""adx_n"": 14, ""atr_n"": 14, ""cost_mult"": 3.0, ""exit_z"": 0.0, ""funding_max"": 0.0005, ""max_hold"": 24, ""n"": 72, ""rsi_lo"": 25.0, ""rsi_n"": 14, ""rt_cost"": 0.0011, ""stop_atr"": 2.0, ""tp_frac"": 0.0, ""z_entry"": 2.5}",train,BTCUSDT ETHUSDT,8b3c565,0be2cfd8afff94b8,-0.004249,0.033004,-0.0448,165,ok,B2 pre-declared default 1h
20261009-180603-a1_breakout-train,2026-10-09T18:06:03+09:00,A,a1_breakout,base,"{""atr_n"": 14, ""ema_fast"": 50, ""ema_slow"": 200, ""htf"": ""4h"", ""init_mult"": 1.5, ""n"": 20, ""trail_mult"": 3.0}",train,BTCUSDT ETHUSDT,8b3c565,0be2cfd8afff94b8,-0.020749,0.099744,-0.0850,284,halted,"A1 train neighbour {""init_mult"": 1.5}"
20261009-180626-b1_zscore-train,2026-10-09T18:06:26+09:00,B,b1_zscore,base,"{""adx_max"": 20.0, ""adx_n"": 14, ""atr_n"": 14, ""cost_mult"": 3.0, ""exit_z"": 0.0, ""funding_max"": 0.0005, ""max_hold"": 24, ""n"": 96, ""rsi_lo"": 25.0, ""rsi_n"": 14, ""rt_cost"": 0.0011, ""stop_atr"": 1.5, ""tp_frac"": 0.0, ""z_entry"": 3.0}",train,BTCUSDT ETHUSDT,8b3c565,0be2cfd8afff94b8,-0.100781,0.100781,-1.1622,122,halted,B1 train: z_entry 3.0 (pre-declared)
20261009-180633-a2_tsmom-train,2026-10-09T18:06:33+09:00,A,a2_tsmom,base,"{""atr_n"": 14, ""lookback"": 180, ""stop_mult"": 3.0}",train,BTCUSDT ETHUSDT,8b3c565,0be2cfd8afff94b8,0.183813,0.035405,1.3696,488,ok,"A2 base (pre-declared TSMOM L180 4h, 3ATR chandelier)"
20261009-180645-b1_zscore-train,2026-10-09T18:06:45+09:00,B,b1_zscore,base,"{""adx_max"": 100.0, ""adx_n"": 14, ""atr_n"": 14, ""cost_mult"": 3.0, ""exit_z"": 0.0, ""funding_max"": 0.0005, ""max_hold"": 24, ""n"": 96, ""rsi_lo"": 25.0, ""rsi_n"": 14, ""rt_cost"": 0.0011, ""stop_atr"": 1.5, ""tp_frac"": 0.0, ""z_entry"": 2.5}",train,BTCUSDT ETHUSDT,8b3c565,0be2cfd8afff94b8,-0.090129,0.099868,-1.1366,134,halted,B1 train: regime filter removed (ablation)
20261009-180651-b2_zscore_1h-train,2026-10-09T18:06:51+09:00,B,b2_zscore_1h,base,"{""adx_max"": 20.0, ""adx_n"": 14, ""atr_n"": 14, ""cost_mult"": 3.0, ""exit_z"": 0.0, ""funding_max"": 0.0005, ""max_hold"": 24, ""n"": 72, ""rsi_lo"": 25.0, ""rsi_n"": 14, ""rt_cost"": 0.0011, ""stop_atr"": 2.0, ""tp_frac"": 1.0, ""z_entry"": 2.5}",train,BTCUSDT ETHUSDT,8b3c565,0be2cfd8afff94b8,0.002753,0.031864,0.0496,165,ok,B2 train: maker tp at mean
20261009-180654-a2_tsmom-train,2026-10-09T18:06:54+09:00,A,a2_tsmom,base,"{""atr_n"": 14, ""lookback"": 90, ""stop_mult"": 3.0}",train,BTCUSDT ETHUSDT,8b3c565,0be2cfd8afff94b8,0.161496,0.052265,1.0912,718,ok,"A2 train neighbour {""lookback"": 90}"
20261009-180656-b2_zscore_1h-train,2026-10-09T18:06:56+09:00,B,b2_zscore_1h,base,"{""adx_max"": 20.0, ""adx_n"": 14, ""atr_n"": 14, ""cost_mult"": 3.0, ""exit_z"": 0.0, ""funding_max"": 0.0005, ""max_hold"": 24, ""n"": 72, ""rsi_lo"": 30.0, ""rsi_n"": 14, ""rt_cost"": 0.0011, ""stop_atr"": 2.0, ""tp_frac"": 0.0, ""z_entry"": 2.0}",train,BTCUSDT ETHUSDT,8b3c565,0be2cfd8afff94b8,-0.087446,0.100349,-1.5229,112,halted,B2 train: looser entry z2.0 rsi30
20261009-180702-a2_tsmom-train,2026-10-09T18:07:02+09:00,A,a2_tsmom,base,"{""atr_n"": 14, ""lookback"": 360, ""stop_mult"": 3.0}",train,BTCUSDT ETHUSDT,8b3c565,0be2cfd8afff94b8,0.169529,0.035806,1.6150,283,ok,"A2 train neighbour {""lookback"": 360}"
20261009-180702-b2_zscore_1h-train,2026-10-09T18:07:02+09:00,B,b2_zscore_1h,base,"{""adx_max"": 20.0, ""adx_n"": 14, ""atr_n"": 14, ""cost_mult"": 3.0, ""exit_z"": 0.0, ""funding_max"": 0.0005, ""max_hold"": 24, ""n"": 72, ""rsi_lo"": 25.0, ""rsi_n"": 14, ""rt_cost"": 0.0011, ""stop_atr"": 3.0, ""tp_frac"": 0.0, ""z_entry"": 2.5}",train,BTCUSDT ETHUSDT,8b3c565,0be2cfd8afff94b8,-0.004174,0.030294,-0.0676,163,ok,B2 train: stop 3.0ATR
20261009-180712-a2_tsmom-train,2026-10-09T18:07:12+09:00,A,a2_tsmom,base,"{""atr_n"": 14, ""lookback"": 180, ""stop_mult"": 2.0}",train,BTCUSDT ETHUSDT,8b3c565,0be2cfd8afff94b8,0.194171,0.034044,1.2016,555,ok,"A2 train neighbour {""stop_mult"": 2.0}"
20261009-180723-a2_tsmom-train,2026-10-09T18:07:23+09:00,A,a2_tsmom,base,"{""atr_n"": 14, ""lookback"": 180, ""stop_mult"": 4.0}",train,BTCUSDT ETHUSDT,8b3c565,0be2cfd8afff94b8,0.120290,0.026485,1.1278,468,ok,"A2 train neighbour {""stop_mult"": 4.0}"
20261009-180723-b2_zscore_1h-train,2026-10-09T18:07:23+09:00,B,b2_zscore_1h,base,"{""adx_max"": 20.0, ""adx_n"": 14, ""atr_n"": 14, ""cost_mult"": 3.0, ""exit_z"": 0.0, ""funding_max"": 1.0, ""max_hold"": 24, ""n"": 72, ""rsi_lo"": 25.0, ""rsi_n"": 14, ""rt_cost"": 0.0011, ""stop_atr"": 2.0, ""tp_frac"": 0.0, ""z_entry"": 2.5}",train,BTCUSDT ETHUSDT,8b3c565,0be2cfd8afff94b8,-0.004249,0.033004,-0.0448,165,ok,B2 train: funding filter removed (ablation)
20261009-180729-b2_zscore_1h-train,2026-10-09T18:07:29+09:00,B,b2_zscore_1h,base,"{""adx_max"": 20.0, ""adx_n"": 14, ""atr_n"": 14, ""cost_mult"": 3.0, ""exit_z"": 0.0, ""funding_max"": 0.0005, ""max_hold"": 24, ""n"": 72, ""rsi_lo"": 25.0, ""rsi_n"": 14, ""rt_cost"": 0.0011, ""stop_atr"": 3.0, ""tp_frac"": 1.0, ""z_entry"": 2.5}",train,BTCUSDT ETHUSDT,8b3c565,0be2cfd8afff94b8,0.000893,0.029535,0.0256,163,ok,B2 train: stop3 + maker tp (validation slot 5)
20261009-180732-b2_zscore_1h-train,2026-10-09T18:07:32+09:00,B,b2_zscore_1h,base,"{""adx_max"": 20.0, ""adx_n"": 14, ""atr_n"": 14, ""cost_mult"": 3.0, ""exit_z"": 0.0, ""funding_max"": 0.0005, ""max_hold"": 24, ""n"": 72, ""rsi_lo"": 25.0, ""rsi_n"": 14, ""rt_cost"": 0.0011, ""stop_atr"": 2.0, ""tp_frac"": 1.0, ""z_entry"": 2.5}",train,BTCUSDT,8b3c565,0be2cfd8afff94b8,0.019930,0.023134,0.4033,85,ok,B2+tp train BTC only
20261009-180734-b2_zscore_1h-train,2026-10-09T18:07:34+09:00,B,b2_zscore_1h,base,"{""adx_max"": 20.0, ""adx_n"": 14, ""atr_n"": 14, ""cost_mult"": 3.0, ""exit_z"": 0.0, ""funding_max"": 0.0005, ""max_hold"": 24, ""n"": 72, ""rsi_lo"": 25.0, ""rsi_n"": 14, ""rt_cost"": 0.0011, ""stop_atr"": 2.0, ""tp_frac"": 1.0, ""z_entry"": 2.5}",train,ETHUSDT,8b3c565,0be2cfd8afff94b8,-0.017176,0.025194,-0.3834,80,ok,B2+tp train ETH only
20261009-180747-b1_zscore-validation,2026-10-09T18:07:47+09:00,B,b1_zscore,base,"{""adx_max"": 20.0, ""adx_n"": 14, ""atr_n"": 14, ""cost_mult"": 3.0, ""exit_z"": 0.0, ""funding_max"": 0.0005, ""max_hold"": 24, ""n"": 96, ""rsi_lo"": 25.0, ""rsi_n"": 14, ""rt_cost"": 0.0011, ""stop_atr"": 1.5, ""tp_frac"": 0.0, ""z_entry"": 2.5}",validation,BTCUSDT ETHUSDT,8b3c565,0be2cfd8afff94b8,-0.095297,0.099425,-2.2247,85,halted,VAL slot1: B1 pre-declared default
20261009-180750-b2_zscore_1h-validation,2026-10-09T18:07:50+09:00,B,b2_zscore_1h,base,"{""adx_max"": 20.0, ""adx_n"": 14, ""atr_n"": 14, ""cost_mult"": 3.0, ""exit_z"": 0.0, ""funding_max"": 0.0005, ""max_hold"": 24, ""n"": 72, ""rsi_lo"": 25.0, ""rsi_n"": 14, ""rt_cost"": 0.0011, ""stop_atr"": 2.0, ""tp_frac"": 0.0, ""z_entry"": 2.5}",validation,BTCUSDT ETHUSDT,8b3c565,0be2cfd8afff94b8,-0.025915,0.028685,-1.1072,42,ok,VAL slot3: B2 default
20261009-180751-a2_tsmom-validation,2026-10-09T18:07:51+09:00,A,a2_tsmom,base,"{""atr_n"": 14, ""lookback"": 180, ""stop_mult"": 3.0}",validation,BTCUSDT ETHUSDT,8b3c565,0be2cfd8afff94b8,0.050589,0.031405,1.3285,173,ok,validation pre-declared V1 A2 base
20261009-180752-b2_zscore_1h-validation,2026-10-09T18:07:52+09:00,B,b2_zscore_1h,base,"{""adx_max"": 20.0, ""adx_n"": 14, ""atr_n"": 14, ""cost_mult"": 3.0, ""exit_z"": 0.0, ""funding_max"": 0.0005, ""max_hold"": 24, ""n"": 72, ""rsi_lo"": 25.0, ""rsi_n"": 14, ""rt_cost"": 0.0011, ""stop_atr"": 2.0, ""tp_frac"": 1.0, ""z_entry"": 2.5}",validation,BTCUSDT ETHUSDT,8b3c565,0be2cfd8afff94b8,-0.011080,0.017020,-0.4605,42,ok,VAL slot4: B2 train-best (tp at mean)
20261009-180754-a2_tsmom-validation,2026-10-09T18:07:54+09:00,A,a2_tsmom,base,"{""atr_n"": 14, ""lookback"": 360, ""stop_mult"": 3.0}",validation,BTCUSDT ETHUSDT,8b3c565,0be2cfd8afff94b8,0.022371,0.021242,0.5810,109,ok,validation pre-declared V2 A2 L360
20261009-180755-b2_zscore_1h-validation,2026-10-09T18:07:55+09:00,B,b2_zscore_1h,base,"{""adx_max"": 20.0, ""adx_n"": 14, ""atr_n"": 14, ""cost_mult"": 3.0, ""exit_z"": 0.0, ""funding_max"": 0.0005, ""max_hold"": 24, ""n"": 72, ""rsi_lo"": 25.0, ""rsi_n"": 14, ""rt_cost"": 0.0011, ""stop_atr"": 3.0, ""tp_frac"": 1.0, ""z_entry"": 2.5}",validation,BTCUSDT ETHUSDT,8b3c565,0be2cfd8afff94b8,-0.017941,0.018946,-0.9447,41,ok,VAL slot5: B2 stop3+tp
20261009-180758-a2_tsmom-validation,2026-10-09T18:07:58+09:00,A,a2_tsmom,base,"{""atr_n"": 14, ""lookback"": 90, ""stop_mult"": 3.0}",validation,BTCUSDT ETHUSDT,8b3c565,0be2cfd8afff94b8,0.035152,0.035807,0.9631,233,ok,validation pre-declared V3 A2 L90
20261009-180802-a2_tsmom-validation,2026-10-09T18:08:02+09:00,A,a2_tsmom,base,"{""atr_n"": 14, ""lookback"": 180, ""stop_mult"": 2.0}",validation,BTCUSDT ETHUSDT,8b3c565,0be2cfd8afff94b8,0.062995,0.037924,1.3066,191,ok,validation pre-declared V4 A2 m2
20261009-180803-b2_zscore_1h-validation,2026-10-09T18:08:03+09:00,B,b2_zscore_1h,base,"{""adx_max"": 20.0, ""adx_n"": 14, ""atr_n"": 14, ""cost_mult"": 3.0, ""exit_z"": 0.0, ""funding_max"": 0.0005, ""max_hold"": 24, ""n"": 72, ""rsi_lo"": 25.0, ""rsi_n"": 14, ""rt_cost"": 0.0011, ""stop_atr"": 2.0, ""tp_frac"": 1.0, ""z_entry"": 2.5}",validation,BTCUSDT,8b3c565,0be2cfd8afff94b8,-0.001185,0.014029,-0.0659,18,ok,VAL B2+tp BTC only
20261009-180804-b2_zscore_1h-validation,2026-10-09T18:08:04+09:00,B,b2_zscore_1h,base,"{""adx_max"": 20.0, ""adx_n"": 14, ""atr_n"": 14, ""cost_mult"": 3.0, ""exit_z"": 0.0, ""funding_max"": 0.0005, ""max_hold"": 24, ""n"": 72, ""rsi_lo"": 25.0, ""rsi_n"": 14, ""rt_cost"": 0.0011, ""stop_atr"": 2.0, ""tp_frac"": 1.0, ""z_entry"": 2.5}",validation,ETHUSDT,8b3c565,0be2cfd8afff94b8,-0.009896,0.015589,-0.6104,24,ok,VAL B2+tp ETH only
20261009-180807-b2_zscore_1h-validation,2026-10-09T18:08:07+09:00,B,b2_zscore_1h,"spread=3,impact=3,latency=1000","{""adx_max"": 20.0, ""adx_n"": 14, ""atr_n"": 14, ""cost_mult"": 3.0, ""exit_z"": 0.0, ""funding_max"": 0.0005, ""max_hold"": 24, ""n"": 72, ""rsi_lo"": 25.0, ""rsi_n"": 14, ""rt_cost"": 0.0011, ""stop_atr"": 2.0, ""tp_frac"": 1.0, ""z_entry"": 2.5}",validation,BTCUSDT ETHUSDT,8b3c565,0be2cfd8afff94b8,-0.012048,0.017312,-0.5004,42,ok,VAL B2+tp cost stress
20261009-180810-a1_breakout-validation,2026-10-09T18:08:10+09:00,A,a1_breakout,base,"{""atr_n"": 14, ""ema_fast"": 50, ""ema_slow"": 200, ""htf"": ""4h"", ""init_mult"": 2.0, ""n"": 20, ""trail_mult"": 3.0}",validation,BTCUSDT ETHUSDT,8b3c565,0be2cfd8afff94b8,-0.017266,0.075796,-0.1065,299,ok,validation pre-declared V5 A1 base
20261009-180822-a2_tsmom-validation,2026-10-09T18:08:22+09:00,A,a2_tsmom,base,"{""atr_n"": 14, ""lookback"": 180, ""stop_mult"": 3.0}",validation,BTCUSDT,8b3c565,0be2cfd8afff94b8,0.002873,0.025847,0.1505,86,ok,V1 A2 base BTC only
20261009-180825-a2_tsmom-validation,2026-10-09T18:08:25+09:00,A,a2_tsmom,base,"{""atr_n"": 14, ""lookback"": 180, ""stop_mult"": 3.0}",validation,ETHUSDT,8b3c565,0be2cfd8afff94b8,0.047716,0.019462,1.7475,87,ok,V1 A2 base ETH only
20261009-180828-a2_tsmom-validation,2026-10-09T18:08:28+09:00,A,a2_tsmom,"spread=3,impact=3,latency=1000","{""atr_n"": 14, ""lookback"": 180, ""stop_mult"": 3.0}",validation,BTCUSDT ETHUSDT,8b3c565,0be2cfd8afff94b8,0.049634,0.031855,1.3025,173,ok,V1 A2 base cost stress
20261009-180832-a2_tsmom-validation,2026-10-09T18:08:32+09:00,A,a2_tsmom,"spread=3,impact=3,latency=1000","{""atr_n"": 14, ""lookback"": 180, ""stop_mult"": 2.0}",validation,BTCUSDT ETHUSDT,8b3c565,0be2cfd8afff94b8,0.061355,0.038321,1.2716,191,ok,V4 A2 m2 cost stress
20261009-180913-c2_squeeze-train,2026-10-09T18:09:13+09:00,C,c2_squeeze,base,"{""atr_fast"": 14, ""atr_slow"": 100, ""comp_pct"": 0.2, ""comp_window"": 720, ""exit_mode"": ""both"", ""funding_max"": 0.0005, ""long_only"": false, ""max_hold"": 48, ""range_mult"": 1.5, ""tp_r"": 3.0, ""trail_mult"": 2.5, ""use_funding"": true, ""use_volume"": true, ""vol_mult"": 2.0, ""vol_n"": 20}",train,BTCUSDT ETHUSDT,8b3c565,0be2cfd8afff94b8,-0.085174,0.100401,-0.4662,515,halted,C2 T1 base q20 exit both
20261009-180922-c2_squeeze-train,2026-10-09T18:09:22+09:00,C,c2_squeeze,base,"{""atr_fast"": 14, ""atr_slow"": 100, ""comp_pct"": 0.2, ""comp_window"": 720, ""exit_mode"": ""trail"", ""funding_max"": 0.0005, ""long_only"": false, ""max_hold"": 48, ""range_mult"": 1.5, ""tp_r"": 3.0, ""trail_mult"": 2.5, ""use_funding"": true, ""use_volume"": true, ""vol_mult"": 2.0, ""vol_n"": 20}",train,BTCUSDT ETHUSDT,8b3c565,0be2cfd8afff94b8,0.061831,0.100110,0.2804,468,halted,C2 T5 exit 2.5ATR trail only
20261009-180930-c2_squeeze-train,2026-10-09T18:09:30+09:00,C,c2_squeeze,base,"{""atr_fast"": 14, ""atr_slow"": 100, ""comp_pct"": 0.15, ""comp_window"": 720, ""exit_mode"": ""both"", ""funding_max"": 0.0005, ""long_only"": false, ""max_hold"": 48, ""range_mult"": 1.5, ""tp_r"": 3.0, ""trail_mult"": 2.5, ""use_funding"": true, ""use_volume"": true, ""vol_mult"": 2.0, ""vol_n"": 20}",train,BTCUSDT ETHUSDT,8b3c565,0be2cfd8afff94b8,-0.064368,0.100380,-0.4619,320,halted,C2 T2 comp_pct 0.15 stability
20261009-180934-c2_squeeze-train,2026-10-09T18:09:34+09:00,C,c2_squeeze,base,"{""atr_fast"": 14, ""atr_slow"": 100, ""comp_pct"": 0.2, ""comp_window"": 720, ""exit_mode"": ""both"", ""funding_max"": 0.0005, ""long_only"": false, ""max_hold"": 48, ""range_mult"": 1.5, ""tp_r"": 3.0, ""trail_mult"": 2.5, ""use_funding"": true, ""use_volume"": false, ""vol_mult"": 2.0, ""vol_n"": 20}",train,BTCUSDT ETHUSDT,617d6a5,0be2cfd8afff94b8,-0.082424,0.100586,-0.9041,164,halted,C2 T6 ablation volume filter off
20261009-180952-c2_squeeze-train,2026-10-09T18:09:52+09:00,C,c2_squeeze,base,"{""atr_fast"": 14, ""atr_slow"": 100, ""comp_pct"": 0.3, ""comp_window"": 720, ""exit_mode"": ""both"", ""funding_max"": 0.0005, ""long_only"": false, ""max_hold"": 48, ""range_mult"": 1.5, ""tp_r"": 3.0, ""trail_mult"": 2.5, ""use_funding"": true, ""use_volume"": true, ""vol_mult"": 2.0, ""vol_n"": 20}",train,BTCUSDT ETHUSDT,617d6a5,0be2cfd8afff94b8,-0.084426,0.100267,-0.5762,382,halted,C2 T3 comp_pct 0.30 stability
20261009-180957-c2_squeeze-train,2026-10-09T18:09:57+09:00,C,c2_squeeze,base,"{""atr_fast"": 14, ""atr_slow"": 100, ""comp_pct"": 0.2, ""comp_window"": 720, ""exit_mode"": ""both"", ""funding_max"": 0.0005, ""long_only"": false, ""max_hold"": 48, ""range_mult"": 1.5, ""tp_r"": 3.0, ""trail_mult"": 2.5, ""use_funding"": false, ""use_volume"": true, ""vol_mult"": 2.0, ""vol_n"": 20}",train,BTCUSDT ETHUSDT,617d6a5,0be2cfd8afff94b8,-0.085174,0.100401,-0.4662,515,halted,C2 T7 ablation funding filter off
20261009-180958-c2_squeeze-train,2026-10-09T18:09:58+09:00,C,c2_squeeze,base,"{""atr_fast"": 14, ""atr_slow"": 100, ""comp_pct"": 0.2, ""comp_window"": 720, ""exit_mode"": ""tp"", ""funding_max"": 0.0005, ""long_only"": false, ""max_hold"": 48, ""range_mult"": 1.5, ""tp_r"": 3.0, ""trail_mult"": 2.5, ""use_funding"": true, ""use_volume"": true, ""vol_mult"": 2.0, ""vol_n"": 20}",train,BTCUSDT ETHUSDT,617d6a5,0be2cfd8afff94b8,-0.097704,0.099493,-1.7911,73,halted,C2 T4 exit 3R tp only
20261009-181001-c1_regime-train,2026-10-09T18:10:01+09:00,C,c1_regime,base,"{""atr_n"": 14, ""gate"": false, ""gate_pct"": 0.95, ""n"": 20, ""risk_frac"": 0.0025, ""rv_min_periods"": 720, ""rv_n"": 24, ""rv_window"": 2160, ""size_mode"": ""none"", ""stop_mult"": 2.0, ""target_vol"": 0.5, ""trail_mult"": 3.0}",train,BTCUSDT ETHUSDT,617d6a5,0be2cfd8afff94b8,-0.050923,0.099572,-0.1755,624,halted,C1 T8 ungated baseline trend entry
20261009-181102-c1_regime-train,2026-10-09T18:11:02+09:00,C,c1_regime,base,"{""atr_n"": 14, ""gate"": true, ""gate_pct"": 0.95, ""n"": 20, ""risk_frac"": 0.0025, ""rv_min_periods"": 720, ""rv_n"": 24, ""rv_window"": 2160, ""size_mode"": ""rel"", ""stop_mult"": 2.0, ""target_vol"": 0.5, ""trail_mult"": 3.0}",train,BTCUSDT ETHUSDT,b3fc1b8,0be2cfd8afff94b8,-0.038439,0.098029,-0.1087,813,halted,C1 T9 gate p95 + rel vol size
20261009-181150-c1_regime-train,2026-10-09T18:11:50+09:00,C,c1_regime,base,"{""atr_n"": 14, ""gate"": true, ""gate_pct"": 0.95, ""n"": 20, ""risk_frac"": 0.0025, ""rv_min_periods"": 720, ""rv_n"": 24, ""rv_window"": 2160, ""size_mode"": ""none"", ""stop_mult"": 2.0, ""target_vol"": 0.5, ""trail_mult"": 3.0}",train,BTCUSDT ETHUSDT,b3fc1b8-dirty,0be2cfd8afff94b8,-0.038335,0.099107,-0.1314,561,halted,C1 T10 gate only (no size_mult)
20261009-181237-c1_regime-train,2026-10-09T18:12:37+09:00,C,c1_regime,base,"{""atr_n"": 14, ""gate"": true, ""gate_pct"": 0.95, ""n"": 20, ""risk_frac"": 0.0025, ""rv_min_periods"": 720, ""rv_n"": 24, ""rv_window"": 2160, ""size_mode"": ""abs"", ""stop_mult"": 2.0, ""target_vol"": 0.5, ""trail_mult"": 3.0}",train,BTCUSDT ETHUSDT,b3fc1b8-dirty,0be2cfd8afff94b8,-0.038335,0.099107,-0.1314,561,halted,C1 T11 gate + abs vol target 0.5
20261009-181328-c2_squeeze-validation,2026-10-09T18:13:28+09:00,C,c2_squeeze,base,"{""atr_fast"": 14, ""atr_slow"": 100, ""comp_pct"": 0.2, ""comp_window"": 720, ""exit_mode"": ""both"", ""funding_max"": 0.0005, ""long_only"": false, ""max_hold"": 48, ""range_mult"": 1.5, ""tp_r"": 3.0, ""trail_mult"": 2.5, ""use_funding"": true, ""use_volume"": true, ""vol_mult"": 2.0, ""vol_n"": 20}",validation,BTCUSDT ETHUSDT,b3fc1b8-dirty,0be2cfd8afff94b8,-0.073567,0.101114,-1.4262,153,halted,C2-V1 base q20 both (pre-declared)
20261009-181331-c2_squeeze-validation,2026-10-09T18:13:31+09:00,C,c2_squeeze,base,"{""atr_fast"": 14, ""atr_slow"": 100, ""comp_pct"": 0.15, ""comp_window"": 720, ""exit_mode"": ""both"", ""funding_max"": 0.0005, ""long_only"": false, ""max_hold"": 48, ""range_mult"": 1.5, ""tp_r"": 3.0, ""trail_mult"": 2.5, ""use_funding"": true, ""use_volume"": true, ""vol_mult"": 2.0, ""vol_n"": 20}",validation,BTCUSDT ETHUSDT,b3fc1b8-dirty,0be2cfd8afff94b8,-0.056648,0.097434,-1.0444,148,ok,C2-V2 q15 both (pre-declared)
20261009-181334-c2_squeeze-validation,2026-10-09T18:13:34+09:00,C,c2_squeeze,base,"{""atr_fast"": 14, ""atr_slow"": 100, ""comp_pct"": 0.2, ""comp_window"": 720, ""exit_mode"": ""trail"", ""funding_max"": 0.0005, ""long_only"": false, ""max_hold"": 48, ""range_mult"": 1.5, ""tp_r"": 3.0, ""trail_mult"": 2.5, ""use_funding"": true, ""use_volume"": true, ""vol_mult"": 2.0, ""vol_n"": 20}",validation,BTCUSDT ETHUSDT,b3fc1b8-dirty,0be2cfd8afff94b8,-0.047094,0.097696,-1.4102,72,halted,"C2-V4 trail q20 (pre-declared, train-best exit)"
20261009-181335-c2_squeeze-validation,2026-10-09T18:13:35+09:00,C,c2_squeeze,base,"{""atr_fast"": 14, ""atr_slow"": 100, ""comp_pct"": 0.3, ""comp_window"": 720, ""exit_mode"": ""both"", ""funding_max"": 0.0005, ""long_only"": false, ""max_hold"": 48, ""range_mult"": 1.5, ""tp_r"": 3.0, ""trail_mult"": 2.5, ""use_funding"": true, ""use_volume"": true, ""vol_mult"": 2.0, ""vol_n"": 20}",validation,BTCUSDT ETHUSDT,b3fc1b8-dirty,0be2cfd8afff94b8,-0.048359,0.099631,-1.2613,98,halted,C2-V3 q30 both (pre-declared)
20261009-181338-c2_squeeze-validation,2026-10-09T18:13:38+09:00,C,c2_squeeze,base,"{""atr_fast"": 14, ""atr_slow"": 100, ""comp_pct"": 0.2, ""comp_window"": 720, ""exit_mode"": ""trail"", ""funding_max"": 0.0005, ""long_only"": false, ""max_hold"": 48, ""range_mult"": 1.5, ""tp_r"": 3.0, ""trail_mult"": 2.5, ""use_funding"": true, ""use_volume"": false, ""vol_mult"": 2.0, ""vol_n"": 20}",validation,BTCUSDT ETHUSDT,b3fc1b8-dirty,0be2cfd8afff94b8,-0.039302,0.097467,-0.9764,78,halted,C2 trail diag: volume filter off
20261009-181341-c2_squeeze-validation,2026-10-09T18:13:41+09:00,C,c2_squeeze,base,"{""atr_fast"": 14, ""atr_slow"": 100, ""comp_pct"": 0.2, ""comp_window"": 720, ""exit_mode"": ""trail"", ""funding_max"": 0.0005, ""long_only"": false, ""max_hold"": 48, ""range_mult"": 1.5, ""tp_r"": 3.0, ""trail_mult"": 2.5, ""use_funding"": false, ""use_volume"": true, ""vol_mult"": 2.0, ""vol_n"": 20}",validation,BTCUSDT ETHUSDT,b3fc1b8-dirty,0be2cfd8afff94b8,-0.047094,0.097696,-1.4102,72,halted,C2 trail diag: funding filter off
20261009-181349-c1_regime-validation,2026-10-09T18:13:49+09:00,C,c1_regime,base,"{""atr_n"": 14, ""gate"": true, ""gate_pct"": 0.95, ""n"": 20, ""risk_frac"": 0.0025, ""rv_min_periods"": 720, ""rv_n"": 24, ""rv_window"": 2160, ""size_mode"": ""rel"", ""stop_mult"": 2.0, ""target_vol"": 0.5, ""trail_mult"": 3.0}",validation,BTCUSDT ETHUSDT,b3fc1b8-dirty,0be2cfd8afff94b8,-0.061348,0.098654,-0.6534,414,halted,C1-V5 gate p95 + rel size (pre-declared)
20261009-181359-c1_regime-validation,2026-10-09T18:13:59+09:00,C,c1_regime,base,"{""atr_n"": 14, ""gate"": false, ""gate_pct"": 0.95, ""n"": 20, ""risk_frac"": 0.0025, ""rv_min_periods"": 720, ""rv_n"": 24, ""rv_window"": 2160, ""size_mode"": ""none"", ""stop_mult"": 2.0, ""target_vol"": 0.5, ""trail_mult"": 3.0}",validation,BTCUSDT ETHUSDT,b3fc1b8-dirty,0be2cfd8afff94b8,-0.063003,0.100214,-0.6314,375,halted,C1 ungated comparison baseline
20261009-181406-c2_squeeze-train,2026-10-09T18:14:06+09:00,C,c2_squeeze,base,"{""atr_fast"": 14, ""atr_slow"": 100, ""comp_pct"": 0.2, ""comp_window"": 720, ""exit_mode"": ""trail"", ""funding_max"": 0.0005, ""long_only"": false, ""max_hold"": 48, ""range_mult"": 1.5, ""tp_r"": 3.0, ""trail_mult"": 2.5, ""use_funding"": true, ""use_volume"": false, ""vol_mult"": 2.0, ""vol_n"": 20}",train,BTCUSDT ETHUSDT,b3fc1b8-dirty,0be2cfd8afff94b8,-0.015060,0.074885,-0.1705,81,halted,C2 T12 trail ablation volume off (train)
20261009-181441-c2_squeeze-validation,2026-10-09T18:14:41+09:00,C,c2_squeeze,base,"{""atr_fast"": 14, ""atr_slow"": 100, ""comp_pct"": 0.2, ""comp_window"": 720, ""exit_mode"": ""trail"", ""funding_max"": 0.0005, ""long_only"": false, ""max_hold"": 48, ""range_mult"": 1.5, ""tp_r"": 3.0, ""trail_mult"": 2.5, ""use_funding"": true, ""use_volume"": true, ""vol_mult"": 2.0, ""vol_n"": 20}",validation,BTCUSDT,b3fc1b8-dirty,0be2cfd8afff94b8,0.018997,0.066243,0.2251,96,ok,C2-V4 diag BTC only
20261009-181444-c2_squeeze-validation,2026-10-09T18:14:44+09:00,C,c2_squeeze,base,"{""atr_fast"": 14, ""atr_slow"": 100, ""comp_pct"": 0.15, ""comp_window"": 720, ""exit_mode"": ""trail"", ""funding_max"": 0.0005, ""long_only"": false, ""max_hold"": 48, ""range_mult"": 1.5, ""tp_r"": 3.0, ""trail_mult"": 2.5, ""use_funding"": true, ""use_volume"": true, ""vol_mult"": 2.0, ""vol_n"": 20}",validation,BTCUSDT ETHUSDT,b3fc1b8-dirty,0be2cfd8afff94b8,-0.053459,0.098567,-0.7285,142,halted,C2 trail diag stability q15
20261009-181448-c2_squeeze-validation,2026-10-09T18:14:48+09:00,C,c2_squeeze,base,"{""atr_fast"": 14, ""atr_slow"": 100, ""comp_pct"": 0.2, ""comp_window"": 720, ""exit_mode"": ""trail"", ""funding_max"": 0.0005, ""long_only"": false, ""max_hold"": 48, ""range_mult"": 1.5, ""tp_r"": 3.0, ""trail_mult"": 2.5, ""use_funding"": true, ""use_volume"": true, ""vol_mult"": 2.0, ""vol_n"": 20}",validation,ETHUSDT,b3fc1b8-dirty,0be2cfd8afff94b8,-0.096670,0.099198,-2.9249,81,halted,C2-V4 diag ETH only
20261009-181451-c2_squeeze-validation,2026-10-09T18:14:51+09:00,C,c2_squeeze,base,"{""atr_fast"": 14, ""atr_slow"": 100, ""comp_pct"": 0.3, ""comp_window"": 720, ""exit_mode"": ""trail"", ""funding_max"": 0.0005, ""long_only"": false, ""max_hold"": 48, ""range_mult"": 1.5, ""tp_r"": 3.0, ""trail_mult"": 2.5, ""use_funding"": true, ""use_volume"": true, ""vol_mult"": 2.0, ""vol_n"": 20}",validation,BTCUSDT ETHUSDT,b3fc1b8-dirty,0be2cfd8afff94b8,-0.049151,0.097331,-1.2881,78,halted,C2 trail diag stability q30
20261009-181456-c2_squeeze-validation,2026-10-09T18:14:56+09:00,C,c2_squeeze,"spread=3,impact=3,latency=1000","{""atr_fast"": 14, ""atr_slow"": 100, ""comp_pct"": 0.2, ""comp_window"": 720, ""exit_mode"": ""trail"", ""funding_max"": 0.0005, ""long_only"": false, ""max_hold"": 48, ""range_mult"": 1.5, ""tp_r"": 3.0, ""trail_mult"": 2.5, ""use_funding"": true, ""use_volume"": true, ""vol_mult"": 2.0, ""vol_n"": 20}",validation,BTCUSDT ETHUSDT,b3fc1b8-dirty,0be2cfd8afff94b8,-0.047606,0.097642,-1.4226,70,halted,C2-V4 cost stress
20261009-181509-c1_regime-validation,2026-10-09T18:15:09+09:00,C,c1_regime,"spread=3,impact=3,latency=1000","{""atr_n"": 14, ""gate"": true, ""gate_pct"": 0.95, ""n"": 20, ""risk_frac"": 0.0025, ""rv_min_periods"": 720, ""rv_n"": 24, ""rv_window"": 2160, ""size_mode"": ""rel"", ""stop_mult"": 2.0, ""target_vol"": 0.5, ""trail_mult"": 3.0}",validation,BTCUSDT ETHUSDT,b3fc1b8-dirty,0be2cfd8afff94b8,-0.065165,0.098169,-0.6969,402,halted,C1-V5 cost stress
